"(Background Information, Full Name)","(Background Information, Position)","(Background Information, Squad)","(Background Information, Year of Birth)","(Playing Time, MP)","(Playing Time, Starts)","(Playing Time, Min)","(Playing Time, 90s)","(Performance, Gls)","(Performance, Ast)","(Performance, G+A)","(Performance, G-PK)","(Performance, PK)","(Performance, PKatt)","(Performance, CrdY)","(Performance, CrdR)","(Expected, xG)","(Expected, npxG)","(Expected, xAG)","(Expected, npxG+xAG)","(Progression, PrgC)","(Progression, PrgP)","(Progression, PrgR)","(Per 90 Minutes, Gls)","(Per 90 Minutes, Ast)","(Per 90 Minutes, G+A)","(Per 90 Minutes, G-PK)","(Per 90 Minutes, G+A-PK)","(Per 90 Minutes, xG)","(Per 90 Minutes, xAG)","(Per 90 Minutes, xG+xAG)","(Per 90 Minutes, npxG)","(Per 90 Minutes, npxG+xAG)"
Max Aarons,DF,Bournemouth,2000.0,20.0,13.0,1237.0,13.7,0.0,1.0,1.0,0.0,0.0,0.0,1.0,0.0,0.0,0.0,0.8,0.9,22.0,43.0,26.0,0.0,0.07,0.07,0.0,0.07,0.0,0.06,0.06,0.0,0.06
Joshua Acheampong,DF,Chelsea,2006.0,1.0,0.0,6.0,0.1,0.0,0.0,0.0,0.0,0.0,0.0,0.0,0.0,0.0,0.0,0.0,0.0,0.0,0.0,0.0,0.0,0.0,0.0,0.0,0.0,0.0,0.0,0.0,0.0,0.0
Bénie Adama Traore,"FW,MF",Sheffield Utd,2002.0,8.0,3.0,387.0,4.3,0.0,0.0,0.0,0.0,0.0,0.0,0.0,0.0,0.3,0.3,0.5,0.8,7.0,9.0,14.0,0.0,0.0,0.0,0.0,0.0,0.06,0.13,0.19,0.06,0.19
Tyler Adams,MF,Bournemouth,1999.0,3.0,1.0,121.0,1.3,0.0,0.0,0.0,0.0,0.0,0.0,0.0,0.0,0.0,0.0,0.1,0.1,4.0,5.0,1.0,0.0,0.0,0.0,0.0,0.0,0.0,0.06,0.06,0.0,0.06
Tosin Adarabioyo,DF,Fulham,1997.0,20.0,18.0,1617.0,18.0,2.0,0.0,2.0,2.0,0.0,0.0,2.0,0.0,0.7,0.7,0.1,0.8,10.0,62.0,5.0,0.11,0.0,0.11,0.11,0.11,0.04,0.01,0.05,0.04,0.05
Elijah Adebayo,FW,Luton Town,1998.0,27.0,16.0,1419.0,15.8,10.0,0.0,10.0,10.0,0.0,0.0,1.0,0.0,5.9,5.9,0.7,6.6,16.0,23.0,110.0,0.63,0.0,0.63,0.63,0.63,0.37,0.04,0.42,0.37,0.42
Simon Adingra,FW,Brighton,2002.0,31.0,25.0,2222.0,24.7,6.0,1.0,7.0,6.0,0.0,0.0,3.0,0.0,4.3,4.3,3.7,8.0,111.0,50.0,278.0,0.24,0.04,0.28,0.24,0.28,0.17,0.15,0.32,0.17,0.32
Nayef Aguerd,DF,West Ham,1996.0,21.0,21.0,1857.0,20.6,1.0,0.0,1.0,1.0,0.0,0.0,3.0,1.0,1.5,1.5,0.3,1.8,10.0,68.0,3.0,0.05,0.0,0.05,0.05,0.05,0.07,0.01,0.09,0.07,0.09
Brandon Aguilera,FW,Nott'ham Forest,2003.0,1.0,0.0,5.0,0.1,0.0,0.0,0.0,0.0,0.0,0.0,0.0,0.0,0.0,0.0,0.0,0.0,0.0,0.0,1.0,0.0,0.0,0.0,0.0,0.0,0.0,0.0,0.0,0.0,0.0
Naouirou Ahamada,"MF,FW",Crystal Palace,2002.0,20.0,0.0,349.0,3.9,0.0,0.0,0.0,0.0,0.0,0.0,4.0,1.0,0.5,0.5,0.0,0.5,19.0,25.0,20.0,0.0,0.0,0.0,0.0,0.0,0.13,0.01,0.13,0.13,0.13
Anel Ahmedhodžić,DF,Sheffield Utd,1999.0,31.0,29.0,2649.0,29.4,2.0,0.0,2.0,2.0,0.0,0.0,11.0,1.0,3.1,3.1,0.8,4.0,15.0,43.0,21.0,0.07,0.0,0.07,0.07,0.07,0.11,0.03,0.14,0.11,0.14
Ola Aina,DF,Nott'ham Forest,1996.0,22.0,20.0,1692.0,18.8,1.0,1.0,2.0,1.0,0.0,0.0,3.0,0.0,0.3,0.3,0.9,1.2,53.0,68.0,38.0,0.05,0.05,0.11,0.05,0.11,0.01,0.05,0.06,0.01,0.06
Rayan Aït-Nouri,"DF,MF",Wolves,2001.0,33.0,29.0,2329.0,25.9,2.0,1.0,3.0,2.0,0.0,0.0,7.0,0.0,3.3,3.3,2.4,5.6,67.0,99.0,99.0,0.08,0.04,0.12,0.08,0.12,0.13,0.09,0.22,0.13,0.22
Kristoffer Ajer,DF,Brentford,1998.0,28.0,21.0,1832.0,20.4,2.0,1.0,3.0,2.0,0.0,0.0,5.0,0.0,1.3,1.3,2.3,3.6,22.0,61.0,31.0,0.1,0.05,0.15,0.1,0.15,0.06,0.11,0.18,0.06,0.18
Manuel Akanji,"DF,MF",Manchester City,1995.0,30.0,28.0,2511.0,27.9,2.0,0.0,2.0,2.0,0.0,0.0,4.0,1.0,1.9,1.9,0.5,2.4,46.0,148.0,36.0,0.07,0.0,0.07,0.07,0.07,0.07,0.02,0.09,0.07,0.09
Nathan Aké,DF,Manchester City,1995.0,29.0,24.0,2042.0,22.7,2.0,2.0,4.0,2.0,0.0,0.0,0.0,0.0,2.5,2.5,1.2,3.7,24.0,116.0,18.0,0.09,0.09,0.18,0.09,0.18,0.11,0.05,0.16,0.11,0.16
Thiago Alcántara,MF,Liverpool,1991.0,1.0,0.0,6.0,0.1,0.0,0.0,0.0,0.0,0.0,0.0,0.0,0.0,0.0,0.0,0.0,0.0,0.0,0.0,0.0,0.0,0.0,0.0,0.0,0.0,0.0,0.0,0.0,0.0,0.0
Trent Alexander-Arnold,DF,Liverpool,1998.0,28.0,25.0,2155.0,23.9,3.0,4.0,7.0,3.0,0.0,0.0,6.0,0.0,2.6,2.3,7.2,9.5,45.0,205.0,97.0,0.13,0.17,0.29,0.13,0.29,0.11,0.3,0.41,0.1,0.4
Alisson,GK,Liverpool,1992.0,28.0,28.0,2520.0,28.0,0.0,0.0,0.0,0.0,0.0,0.0,1.0,0.0,0.0,0.0,0.0,0.0,0.0,5.0,0.0,0.0,0.0,0.0,0.0,0.0,0.0,0.0,0.0,0.0,0.0
Miguel Almirón,FW,Newcastle Utd,1994.0,33.0,23.0,1937.0,21.5,3.0,1.0,4.0,3.0,0.0,0.0,2.0,0.0,4.5,4.5,2.6,7.2,78.0,78.0,162.0,0.14,0.05,0.19,0.14,0.19,0.21,0.12,0.33,0.21,0.33
Edson Álvarez,MF,West Ham,1997.0,31.0,28.0,2377.0,26.4,1.0,1.0,2.0,1.0,0.0,0.0,11.0,0.0,1.3,1.3,0.6,1.9,20.0,91.0,26.0,0.04,0.04,0.08,0.04,0.08,0.05,0.02,0.07,0.05,0.07
Julián Álvarez,"MF,FW",Manchester City,2000.0,36.0,31.0,2647.0,29.4,11.0,8.0,19.0,9.0,2.0,2.0,2.0,0.0,13.0,11.5,6.4,17.9,64.0,103.0,180.0,0.37,0.27,0.65,0.31,0.58,0.44,0.22,0.66,0.39,0.61
Zeki Amdouni,FW,Burnley,2000.0,34.0,27.0,1953.0,21.7,5.0,1.0,6.0,4.0,1.0,1.0,2.0,0.0,5.8,5.0,1.4,6.5,63.0,49.0,93.0,0.23,0.05,0.28,0.18,0.23,0.27,0.07,0.33,0.23,0.3
Sofyan Amrabat,"MF,DF",Manchester Utd,1996.0,21.0,10.0,938.0,10.4,0.0,0.0,0.0,0.0,0.0,0.0,6.0,0.0,0.1,0.1,0.3,0.4,6.0,66.0,10.0,0.0,0.0,0.0,0.0,0.0,0.01,0.03,0.04,0.01,0.04
Joachim Andersen,DF,Crystal Palace,1996.0,38.0,38.0,3415.0,37.9,2.0,3.0,5.0,2.0,0.0,0.0,7.0,0.0,1.7,1.7,2.8,4.5,21.0,147.0,10.0,0.05,0.08,0.13,0.05,0.13,0.04,0.07,0.12,0.04,0.12
Player,Pos,Squad,,,,,,,,,,,,,,,,,,,,,,,,,,,,,,
Elliot Anderson,"MF,FW",Newcastle Utd,2002.0,21.0,10.0,1027.0,11.4,0.0,2.0,2.0,0.0,0.0,0.0,3.0,0.0,1.6,1.6,1.9,3.5,37.0,57.0,70.0,0.0,0.18,0.18,0.0,0.18,0.14,0.17,0.31,0.14,0.31
Jaidon Anthony,FW,Bournemouth,1999.0,3.0,2.0,152.0,1.7,0.0,0.0,0.0,0.0,0.0,0.0,1.0,0.0,0.1,0.1,0.0,0.1,2.0,8.0,9.0,0.0,0.0,0.0,0.0,0.0,0.04,0.0,0.04,0.04,0.04
Michail Antonio,FW,West Ham,1990.0,26.0,21.0,1695.0,18.8,6.0,2.0,8.0,6.0,0.0,0.0,6.0,0.0,5.8,5.8,0.9,6.7,48.0,22.0,104.0,0.32,0.11,0.42,0.32,0.42,0.31,0.05,0.35,0.31,0.35
Antony,FW,Manchester Utd,2000.0,29.0,15.0,1324.0,14.7,1.0,1.0,2.0,1.0,0.0,0.0,5.0,0.0,3.4,3.4,2.8,6.1,53.0,64.0,149.0,0.07,0.07,0.14,0.07,0.14,0.23,0.19,0.42,0.23,0.42
Oliver Arblaster,MF,Sheffield Utd,2004.0,12.0,11.0,943.0,10.5,0.0,0.0,0.0,0.0,0.0,0.0,2.0,0.0,0.0,0.0,0.7,0.8,13.0,43.0,4.0,0.0,0.0,0.0,0.0,0.0,0.0,0.07,0.07,0.0,0.07
Cameron Archer,"FW,MF",Sheffield Utd,2001.0,29.0,21.0,1832.0,20.4,4.0,1.0,5.0,4.0,0.0,0.0,1.0,0.0,5.5,5.5,2.8,8.3,33.0,15.0,113.0,0.2,0.05,0.25,0.2,0.25,0.27,0.14,0.41,0.27,0.41
Cameron Archer,MF,Aston Villa,2001.0,1.0,0.0,6.0,0.1,0.0,0.0,0.0,0.0,0.0,0.0,1.0,0.0,0.0,0.0,0.0,0.0,1.0,0.0,0.0,0.0,0.0,0.0,0.0,0.0,0.0,0.0,0.0,0.0,0.0
Alphonse Areola,GK,West Ham,1993.0,31.0,31.0,2699.0,30.0,0.0,0.0,0.0,0.0,0.0,0.0,1.0,0.0,0.0,0.0,0.0,0.0,0.0,1.0,0.0,0.0,0.0,0.0,0.0,0.0,0.0,0.0,0.0,0.0,0.0
Lorenz Assignon,DF,Burnley,2000.0,15.0,15.0,1234.0,13.7,1.0,2.0,3.0,1.0,0.0,0.0,5.0,1.0,0.4,0.4,2.6,3.0,38.0,34.0,57.0,0.07,0.15,0.22,0.07,0.22,0.03,0.19,0.22,0.03,0.22
Serge Aurier,"DF,MF",Nott'ham Forest,1992.0,12.0,10.0,833.0,9.3,0.0,2.0,2.0,0.0,0.0,0.0,2.0,0.0,0.2,0.2,0.5,0.6,10.0,47.0,29.0,0.0,0.22,0.22,0.0,0.22,0.02,0.05,0.07,0.02,0.07
Taiwo Awoniyi,FW,Nott'ham Forest,1997.0,20.0,12.0,1042.0,11.6,6.0,3.0,9.0,6.0,0.0,0.0,2.0,0.0,4.7,4.7,1.7,6.4,8.0,14.0,45.0,0.52,0.26,0.78,0.52,0.78,0.41,0.15,0.56,0.41,0.56
Jordan Ayew,"FW,MF",Crystal Palace,1991.0,35.0,30.0,2543.0,28.3,4.0,7.0,11.0,4.0,0.0,0.0,9.0,1.0,3.9,3.9,4.2,8.1,74.0,63.0,173.0,0.14,0.25,0.39,0.14,0.39,0.14,0.15,0.29,0.14,0.29
Benoît Badiashile,DF,Chelsea,2001.0,18.0,15.0,1338.0,14.9,0.0,1.0,1.0,0.0,0.0,0.0,3.0,0.0,0.3,0.3,1.5,1.8,3.0,46.0,3.0,0.0,0.07,0.07,0.0,0.07,0.02,0.1,0.12,0.02,0.12
Leon Bailey,"MF,FW",Aston Villa,1997.0,35.0,22.0,2068.0,23.0,10.0,9.0,19.0,10.0,0.0,0.0,5.0,0.0,6.3,6.3,9.2,15.5,102.0,82.0,226.0,0.44,0.39,0.83,0.44,0.83,0.27,0.4,0.67,0.27,0.67
Stefan Bajcetic,MF,Liverpool,2004.0,1.0,0.0,26.0,0.3,0.0,0.0,0.0,0.0,0.0,0.0,0.0,0.0,0.0,0.0,0.0,0.0,0.0,1.0,0.0,0.0,0.0,0.0,0.0,0.0,0.0,0.0,0.0,0.0,0.0
George Baldock,DF,Sheffield Utd,1993.0,13.0,11.0,969.0,10.8,0.0,1.0,1.0,0.0,0.0,0.0,4.0,0.0,0.0,0.0,0.8,0.8,9.0,31.0,24.0,0.0,0.09,0.09,0.0,0.09,0.0,0.07,0.08,0.0,0.08
Carlos Baleba,MF,Brighton,2004.0,27.0,15.0,1325.0,14.7,0.0,0.0,0.0,0.0,0.0,0.0,7.0,0.0,0.8,0.8,0.3,1.1,19.0,50.0,9.0,0.0,0.0,0.0,0.0,0.0,0.06,0.02,0.08,0.06,0.08
Fodé Ballo-Touré,"DF,MF",Fulham,1997.0,6.0,0.0,71.0,0.8,0.0,0.0,0.0,0.0,0.0,0.0,1.0,0.0,0.0,0.0,0.0,0.0,5.0,0.0,4.0,0.0,0.0,0.0,0.0,0.0,0.0,0.0,0.0,0.0,0.0
Shandon Baptiste,MF,Brentford,1998.0,10.0,2.0,229.0,2.5,1.0,1.0,2.0,1.0,0.0,0.0,1.0,0.0,0.9,0.9,0.2,1.1,3.0,5.0,1.0,0.39,0.39,0.79,0.39,0.79,0.35,0.08,0.43,0.35,0.43
Valentín Barco,"DF,FW",Brighton,2004.0,6.0,3.0,307.0,3.4,0.0,0.0,0.0,0.0,0.0,0.0,1.0,0.0,0.2,0.2,0.2,0.4,8.0,14.0,20.0,0.0,0.0,0.0,0.0,0.0,0.05,0.07,0.13,0.05,0.13
Ross Barkley,MF,Luton Town,1993.0,32.0,30.0,2618.0,29.1,5.0,4.0,9.0,5.0,0.0,0.0,6.0,0.0,4.1,4.1,3.7,7.9,48.0,163.0,39.0,0.17,0.14,0.31,0.17,0.31,0.14,0.13,0.27,0.14,0.27
Harvey Barnes,"FW,MF",Newcastle Utd,1997.0,21.0,7.0,802.0,8.9,5.0,3.0,8.0,5.0,0.0,0.0,2.0,0.0,3.6,3.6,3.2,6.8,45.0,34.0,79.0,0.56,0.34,0.9,0.56,0.9,0.4,0.36,0.76,0.4,0.76
Chris Basham,"DF,MF",Sheffield Utd,1988.0,8.0,3.0,321.0,3.6,0.0,0.0,0.0,0.0,0.0,0.0,1.0,0.0,0.1,0.1,0.3,0.4,1.0,7.0,6.0,0.0,0.0,0.0,0.0,0.0,0.04,0.07,0.1,0.04,0.1
Calvin Bassey,DF,Fulham,1999.0,29.0,25.0,2303.0,25.6,1.0,0.0,1.0,1.0,0.0,0.0,6.0,1.0,0.3,0.3,0.0,0.4,15.0,62.0,4.0,0.04,0.0,0.04,0.04,0.04,0.01,0.0,0.01,0.01,0.01
Owen Beck,DF,Liverpool,2002.0,1.0,0.0,8.0,0.1,0.0,0.0,0.0,0.0,0.0,0.0,0.0,0.0,0.0,0.0,0.0,0.0,0.0,0.0,1.0,0.0,0.0,0.0,0.0,0.0,0.0,0.0,0.0,0.0,0.0
Player,Pos,Squad,,,,,,,,,,,,,,,,,,,,,,,,,,,,,,
Donny van de Beek,DF,Manchester Utd,1997.0,1.0,0.0,3.0,0.0,0.0,0.0,0.0,0.0,0.0,0.0,0.0,0.0,0.0,0.0,0.1,0.2,0.0,0.0,1.0,0.0,0.0,0.0,0.0,0.0,1.09,4.44,5.54,1.09,5.54
Amari'i Bell,DF,Luton Town,1994.0,21.0,21.0,1720.0,19.1,0.0,0.0,0.0,0.0,0.0,0.0,0.0,0.0,0.3,0.3,0.5,0.7,32.0,76.0,10.0,0.0,0.0,0.0,0.0,0.0,0.01,0.02,0.04,0.01,0.04
Jean-Ricner Bellegarde,"MF,FW",Wolves,1998.0,22.0,10.0,958.0,10.6,2.0,1.0,3.0,2.0,0.0,0.0,0.0,1.0,1.6,1.6,1.0,2.5,30.0,39.0,49.0,0.19,0.09,0.28,0.19,0.28,0.15,0.09,0.24,0.15,0.24
Anis Ben Slimane,MF,Sheffield Utd,2001.0,15.0,4.0,419.0,4.7,0.0,0.0,0.0,0.0,0.0,0.0,2.0,0.0,0.8,0.8,0.3,1.1,3.0,12.0,21.0,0.0,0.0,0.0,0.0,0.0,0.17,0.06,0.23,0.17,0.23
Saïd Benrahma,"FW,MF",West Ham,1995.0,13.0,5.0,620.0,6.9,0.0,1.0,1.0,0.0,0.0,1.0,1.0,0.0,1.8,1.0,1.4,2.5,28.0,28.0,70.0,0.0,0.15,0.15,0.0,0.15,0.27,0.21,0.47,0.15,0.36
Rodrigo Bentancur,MF,Tottenham,1997.0,23.0,13.0,1005.0,11.2,1.0,1.0,2.0,1.0,0.0,0.0,7.0,0.0,1.9,1.9,0.5,2.4,16.0,72.0,31.0,0.09,0.09,0.18,0.09,0.18,0.17,0.04,0.22,0.17,0.22
Daniel Bentley,GK,Wolves,1993.0,5.0,3.0,383.0,4.3,0.0,0.0,0.0,0.0,0.0,0.0,0.0,0.0,0.0,0.0,0.0,0.0,0.0,0.0,0.0,0.0,0.0,0.0,0.0,0.0,0.0,0.0,0.0,0.0,0.0
Jóhann Berg Guðmundsson,"MF,FW",Burnley,1990.0,26.0,12.0,1192.0,13.2,1.0,3.0,4.0,1.0,0.0,0.0,2.0,0.0,1.9,1.9,2.7,4.5,13.0,59.0,69.0,0.08,0.23,0.3,0.08,0.3,0.14,0.2,0.34,0.14,0.34
Sander Berge,MF,Burnley,1998.0,37.0,34.0,3005.0,33.4,1.0,2.0,3.0,1.0,0.0,0.0,10.0,1.0,1.9,1.9,2.4,4.3,64.0,164.0,29.0,0.03,0.06,0.09,0.03,0.09,0.06,0.07,0.13,0.06,0.13
Luke Berry,"MF,DF",Luton Town,1992.0,17.0,2.0,323.0,3.6,2.0,1.0,3.0,2.0,0.0,0.0,1.0,0.0,1.0,1.0,0.3,1.3,1.0,8.0,7.0,0.56,0.28,0.84,0.56,0.84,0.28,0.07,0.35,0.28,0.35
Beto,FW,Everton,1998.0,30.0,9.0,951.0,10.6,3.0,0.0,3.0,3.0,0.0,1.0,2.0,0.0,6.8,6.0,0.9,6.9,14.0,14.0,58.0,0.28,0.0,0.28,0.28,0.28,0.64,0.09,0.73,0.57,0.66
Jordan Beyer,DF,Burnley,2000.0,15.0,15.0,1234.0,13.7,0.0,1.0,1.0,0.0,0.0,0.0,6.0,0.0,0.5,0.5,0.3,0.8,9.0,25.0,1.0,0.0,0.07,0.07,0.0,0.07,0.04,0.02,0.06,0.04,0.06
Philip Billing,MF,Bournemouth,1996.0,29.0,13.0,1398.0,15.5,2.0,2.0,4.0,2.0,0.0,0.0,3.0,1.0,2.5,2.5,3.2,5.7,22.0,53.0,63.0,0.13,0.13,0.26,0.13,0.26,0.16,0.21,0.36,0.16,0.36
Yves Bissouma,MF,Tottenham,1996.0,28.0,26.0,2068.0,23.0,0.0,0.0,0.0,0.0,0.0,0.0,10.0,2.0,1.4,1.4,0.4,1.8,43.0,169.0,13.0,0.0,0.0,0.0,0.0,0.0,0.06,0.02,0.08,0.06,0.08
Benicio Boaitey,"FW,DF",Brighton,2004.0,5.0,0.0,40.0,0.4,0.0,0.0,0.0,0.0,0.0,0.0,1.0,0.0,0.0,0.0,0.1,0.1,1.0,2.0,2.0,0.0,0.0,0.0,0.0,0.0,0.05,0.13,0.19,0.05,0.19
Oscar Bobb,"FW,MF",Manchester City,2003.0,14.0,2.0,302.0,3.4,1.0,1.0,2.0,1.0,0.0,0.0,0.0,0.0,1.4,1.4,1.2,2.6,13.0,25.0,38.0,0.3,0.3,0.6,0.3,0.6,0.41,0.37,0.78,0.41,0.78
Jayden Bogle,DF,Sheffield Utd,2000.0,34.0,32.0,2788.0,31.0,3.0,0.0,3.0,3.0,0.0,0.0,9.0,0.0,2.3,2.3,1.0,3.3,38.0,60.0,92.0,0.1,0.0,0.1,0.1,0.1,0.07,0.03,0.11,0.07,0.11
Willy Boly,DF,Nott'ham Forest,1991.0,20.0,18.0,1438.0,16.0,2.0,1.0,3.0,2.0,0.0,0.0,3.0,1.0,1.5,1.5,1.3,2.8,4.0,32.0,3.0,0.13,0.06,0.19,0.13,0.19,0.09,0.08,0.18,0.09,0.18
Sven Botman,DF,Newcastle Utd,2000.0,17.0,15.0,1377.0,15.3,2.0,2.0,4.0,2.0,0.0,0.0,2.0,0.0,0.6,0.6,1.0,1.6,0.0,35.0,5.0,0.13,0.13,0.26,0.13,0.26,0.04,0.07,0.11,0.04,0.11
Jarrod Bowen,FW,West Ham,1996.0,34.0,34.0,3019.0,33.5,16.0,6.0,22.0,16.0,0.0,0.0,2.0,0.0,11.6,11.6,5.5,17.2,90.0,52.0,186.0,0.48,0.18,0.66,0.48,0.66,0.35,0.16,0.51,0.35,0.51
Conor Bradley,DF,Liverpool,2003.0,11.0,10.0,753.0,8.4,1.0,3.0,4.0,1.0,0.0,0.0,2.0,0.0,0.9,0.9,1.5,2.3,35.0,29.0,64.0,0.12,0.36,0.48,0.12,0.48,0.1,0.17,0.28,0.1,0.28
Jarrad Branthwaite,DF,Everton,2002.0,35.0,35.0,3116.0,34.6,3.0,0.0,3.0,3.0,0.0,0.0,8.0,0.0,1.7,1.7,1.0,2.8,2.0,74.0,6.0,0.09,0.0,0.09,0.09,0.09,0.05,0.03,0.08,0.05,0.08
Ben Brereton,"FW,MF",Sheffield Utd,1999.0,14.0,14.0,1105.0,12.3,6.0,1.0,7.0,5.0,1.0,1.0,3.0,0.0,6.1,5.3,1.5,6.7,23.0,37.0,78.0,0.49,0.08,0.57,0.41,0.49,0.49,0.12,0.61,0.43,0.55
Rhian Brewster,"FW,MF",Sheffield Utd,2000.0,13.0,3.0,346.0,3.8,0.0,0.0,0.0,0.0,0.0,0.0,0.0,1.0,0.4,0.4,0.1,0.5,1.0,3.0,21.0,0.0,0.0,0.0,0.0,0.0,0.09,0.03,0.12,0.09,0.12
Armando Broja,FW,Chelsea,2001.0,13.0,6.0,454.0,5.0,1.0,0.0,1.0,1.0,0.0,0.0,0.0,0.0,2.4,2.4,0.2,2.5,11.0,6.0,37.0,0.2,0.0,0.2,0.2,0.2,0.47,0.03,0.5,0.47,0.5
Player,Pos,Squad,,,,,,,,,,,,,,,,,,,,,,,,,,,,,,
Armando Broja,FW,Fulham,2001.0,8.0,0.0,88.0,1.0,0.0,1.0,1.0,0.0,0.0,0.0,0.0,0.0,0.0,0.0,0.4,0.4,2.0,2.0,7.0,0.0,1.02,1.02,0.0,1.02,0.0,0.41,0.41,0.0,0.41
Andre Brooks,"MF,DF",Sheffield Utd,2003.0,20.0,12.0,938.0,10.4,0.0,0.0,0.0,0.0,0.0,0.0,1.0,0.0,0.4,0.4,0.1,0.5,12.0,18.0,22.0,0.0,0.0,0.0,0.0,0.0,0.04,0.01,0.05,0.04,0.05
David Brooks,"FW,MF",Bournemouth,1997.0,13.0,2.0,282.0,3.1,1.0,1.0,2.0,1.0,0.0,0.0,1.0,0.0,2.2,2.2,1.0,3.2,8.0,21.0,27.0,0.32,0.32,0.64,0.32,0.64,0.7,0.33,1.03,0.7,1.03
Jacob Brown,"MF,FW",Luton Town,1998.0,19.0,12.0,1019.0,11.3,2.0,0.0,2.0,2.0,0.0,0.0,4.0,0.0,2.8,2.8,0.7,3.4,25.0,19.0,53.0,0.18,0.0,0.18,0.18,0.18,0.25,0.06,0.3,0.25,0.3
Josh Brownhill,MF,Burnley,1995.0,33.0,23.0,2252.0,25.0,4.0,2.0,6.0,4.0,0.0,0.0,4.0,1.0,1.9,1.9,2.1,4.0,19.0,90.0,36.0,0.16,0.08,0.24,0.16,0.24,0.08,0.08,0.16,0.08,0.16
Jacob Bruun Larsen,"MF,FW",Burnley,1998.0,32.0,16.0,1249.0,13.9,6.0,0.0,6.0,5.0,1.0,1.0,1.0,0.0,5.0,4.2,1.5,5.7,61.0,38.0,146.0,0.43,0.0,0.43,0.36,0.36,0.36,0.1,0.46,0.3,0.41
Hugo Bueno,"DF,MF",Wolves,2002.0,22.0,7.0,741.0,8.2,0.0,0.0,0.0,0.0,0.0,0.0,1.0,0.0,0.3,0.3,0.8,1.0,22.0,8.0,40.0,0.0,0.0,0.0,0.0,0.0,0.03,0.09,0.13,0.03,0.13
Santiago Bueno,DF,Wolves,1998.0,12.0,9.0,822.0,9.1,0.0,0.0,0.0,0.0,0.0,0.0,1.0,0.0,0.0,0.0,0.1,0.1,3.0,11.0,2.0,0.0,0.0,0.0,0.0,0.0,0.0,0.01,0.01,0.0,0.01
Facundo Buonanotte,"FW,MF",Brighton,2004.0,27.0,17.0,1364.0,15.2,3.0,1.0,4.0,3.0,0.0,0.0,7.0,0.0,2.4,2.4,1.8,4.2,23.0,42.0,69.0,0.2,0.07,0.26,0.2,0.26,0.16,0.12,0.28,0.16,0.28
Reece Burke,DF,Luton Town,1996.0,22.0,20.0,1660.0,18.4,0.0,4.0,4.0,0.0,0.0,0.0,5.0,0.0,1.3,1.3,1.4,2.7,11.0,67.0,14.0,0.0,0.22,0.22,0.0,0.22,0.07,0.07,0.15,0.07,0.15
Dan Burn,DF,Newcastle Utd,1992.0,33.0,32.0,2726.0,30.3,2.0,2.0,4.0,2.0,0.0,0.0,4.0,0.0,3.1,3.1,1.1,4.2,14.0,75.0,25.0,0.07,0.07,0.13,0.07,0.13,0.1,0.04,0.14,0.1,0.14
Mason Burstow,FW,Chelsea,2003.0,2.0,0.0,9.0,0.1,0.0,0.0,0.0,0.0,0.0,0.0,0.0,0.0,0.0,0.0,0.0,0.0,0.0,0.0,1.0,0.0,0.0,0.0,0.0,0.0,0.0,0.0,0.0,0.0,0.0
Moisés Caicedo,MF,Chelsea,2001.0,35.0,33.0,2866.0,31.8,1.0,3.0,4.0,1.0,0.0,0.0,11.0,0.0,0.4,0.4,2.6,3.0,27.0,173.0,27.0,0.03,0.09,0.13,0.03,0.13,0.01,0.08,0.09,0.01,0.09
Tom Cairney,MF,Fulham,1991.0,34.0,14.0,1488.0,16.5,1.0,4.0,5.0,1.0,0.0,0.0,3.0,0.0,1.1,1.1,2.3,3.4,35.0,145.0,72.0,0.06,0.24,0.3,0.06,0.3,0.07,0.14,0.2,0.07,0.2
Dominic Calvert-Lewin,FW,Everton,1997.0,32.0,26.0,2171.0,24.1,7.0,2.0,9.0,5.0,2.0,2.0,2.0,0.0,12.9,11.4,3.1,14.5,36.0,31.0,122.0,0.29,0.08,0.37,0.21,0.29,0.54,0.13,0.66,0.47,0.6
Thomas Cannon,FW,Everton,2002.0,1.0,0.0,1.0,0.0,0.0,0.0,0.0,0.0,0.0,0.0,0.0,0.0,0.0,0.0,0.0,0.0,0.0,0.0,0.0,0.0,0.0,0.0,0.0,0.0,0.0,0.0,0.0,0.0,0.0
Diego Carlos,DF,Aston Villa,1993.0,27.0,20.0,1816.0,20.2,0.0,0.0,0.0,0.0,0.0,0.0,4.0,0.0,1.9,1.9,0.1,2.0,4.0,59.0,1.0,0.0,0.0,0.0,0.0,0.0,0.1,0.0,0.1,0.1,0.1
Cesare Casadei,"FW,MF",Chelsea,2003.0,11.0,0.0,79.0,0.9,0.0,0.0,0.0,0.0,0.0,0.0,0.0,0.0,0.0,0.0,0.1,0.1,1.0,3.0,3.0,0.0,0.0,0.0,0.0,0.0,0.0,0.12,0.12,0.0,0.12
Casemiro,"MF,DF",Manchester Utd,1992.0,25.0,24.0,1982.0,22.0,1.0,2.0,3.0,1.0,0.0,0.0,7.0,0.0,3.5,3.5,1.0,4.5,12.0,112.0,36.0,0.05,0.09,0.14,0.05,0.14,0.16,0.05,0.2,0.16,0.2
Kaelan Casey,DF,West Ham,2004.0,1.0,0.0,1.0,0.0,0.0,0.0,0.0,0.0,0.0,0.0,0.0,0.0,0.0,0.0,0.0,0.0,0.0,0.0,0.0,0.0,0.0,0.0,0.0,0.0,0.0,0.0,0.0,0.0,0.0
Matty Cash,DF,Aston Villa,1997.0,29.0,23.0,2142.0,23.8,2.0,2.0,4.0,2.0,0.0,0.0,8.0,0.0,4.2,4.2,2.3,6.5,62.0,88.0,101.0,0.08,0.08,0.17,0.08,0.17,0.18,0.1,0.27,0.18,0.27
Timothy Castagne,DF,Fulham,1995.0,34.0,29.0,2634.0,29.3,1.0,3.0,4.0,1.0,0.0,0.0,3.0,0.0,1.6,1.6,1.9,3.5,48.0,77.0,113.0,0.03,0.1,0.14,0.03,0.14,0.06,0.07,0.12,0.06,0.12
Jonny Castro,MF,Wolves,1994.0,1.0,0.0,5.0,0.1,0.0,0.0,0.0,0.0,0.0,0.0,0.0,0.0,0.0,0.0,0.0,0.0,0.0,0.0,0.0,0.0,0.0,0.0,0.0,0.0,0.0,0.0,0.0,0.0,0.0
Trevoh Chalobah,DF,Chelsea,1999.0,13.0,10.0,952.0,10.6,1.0,0.0,1.0,1.0,0.0,0.0,1.0,0.0,0.2,0.2,0.1,0.3,5.0,31.0,9.0,0.09,0.0,0.09,0.09,0.09,0.02,0.01,0.02,0.02,0.02
Calum Chambers,"MF,DF",Aston Villa,1995.0,5.0,1.0,152.0,1.7,0.0,1.0,1.0,0.0,0.0,0.0,1.0,0.0,0.0,0.0,0.1,0.1,0.0,5.0,1.0,0.0,0.59,0.59,0.0,0.59,0.0,0.06,0.06,0.0,0.06
Player,Pos,Squad,,,,,,,,,,,,,,,,,,,,,,,,,,,,,,
Youssef Chermiti,FW,Everton,2004.0,18.0,1.0,208.0,2.3,0.0,0.0,0.0,0.0,0.0,0.0,3.0,0.0,0.7,0.7,0.8,1.5,5.0,5.0,15.0,0.0,0.0,0.0,0.0,0.0,0.31,0.34,0.65,0.31,0.65
Ben Chilwell,DF,Chelsea,1996.0,13.0,9.0,756.0,8.4,0.0,1.0,1.0,0.0,0.0,0.0,5.0,0.0,1.2,1.2,2.2,3.4,22.0,25.0,59.0,0.0,0.12,0.12,0.0,0.12,0.14,0.26,0.41,0.14,0.41
Tawanda Chirewa,"MF,FW",Wolves,2003.0,8.0,1.0,145.0,1.6,0.0,0.0,0.0,0.0,0.0,0.0,1.0,0.0,0.2,0.2,0.0,0.2,1.0,7.0,8.0,0.0,0.0,0.0,0.0,0.0,0.1,0.02,0.12,0.1,0.12
Leon Chiwome,FW,Wolves,2006.0,3.0,2.0,174.0,1.9,0.0,0.0,0.0,0.0,0.0,0.0,0.0,0.0,0.1,0.1,0.0,0.1,1.0,2.0,7.0,0.0,0.0,0.0,0.0,0.0,0.05,0.0,0.05,0.05,0.05
Tahith Chong,"MF,FW",Luton Town,1999.0,33.0,20.0,1982.0,22.0,4.0,0.0,4.0,4.0,0.0,0.0,4.0,0.0,2.7,2.7,0.5,3.2,57.0,72.0,101.0,0.18,0.0,0.18,0.18,0.18,0.12,0.02,0.15,0.12,0.15
Ryan Christie,MF,Bournemouth,1995.0,37.0,35.0,2907.0,32.3,0.0,5.0,5.0,0.0,0.0,0.0,6.0,0.0,2.3,2.3,5.4,7.7,60.0,167.0,78.0,0.0,0.15,0.15,0.0,0.15,0.07,0.17,0.24,0.07,0.24
Carney Chukwuemeka,"MF,FW",Chelsea,2003.0,9.0,2.0,227.0,2.5,1.0,1.0,2.0,1.0,0.0,0.0,2.0,0.0,0.2,0.2,0.3,0.5,4.0,12.0,19.0,0.4,0.4,0.79,0.4,0.79,0.06,0.13,0.19,0.06,0.19
Bobby Clark,MF,Liverpool,2005.0,5.0,1.0,89.0,1.0,0.0,0.0,0.0,0.0,0.0,0.0,0.0,0.0,0.1,0.1,0.0,0.1,3.0,3.0,7.0,0.0,0.0,0.0,0.0,0.0,0.14,0.0,0.14,0.14,0.14
Jordan Clark,MF,Luton Town,1993.0,23.0,14.0,1304.0,14.5,1.0,1.0,2.0,1.0,0.0,0.0,4.0,0.0,1.0,1.0,1.3,2.2,21.0,51.0,39.0,0.07,0.07,0.14,0.07,0.14,0.07,0.09,0.16,0.07,0.16
Nathaniel Clyne,DF,Crystal Palace,1991.0,19.0,14.0,1338.0,14.9,0.0,0.0,0.0,0.0,0.0,0.0,0.0,0.0,0.2,0.2,0.2,0.4,10.0,33.0,18.0,0.0,0.0,0.0,0.0,0.0,0.01,0.01,0.03,0.01,0.03
Séamus Coleman,DF,Everton,1988.0,12.0,7.0,665.0,7.4,0.0,0.0,0.0,0.0,0.0,0.0,0.0,0.0,0.0,0.0,1.0,1.0,5.0,22.0,16.0,0.0,0.0,0.0,0.0,0.0,0.0,0.14,0.14,0.0,0.14
Nathan Collins,DF,Brentford,2001.0,32.0,29.0,2652.0,29.5,1.0,1.0,2.0,1.0,0.0,0.0,3.0,0.0,1.7,1.7,2.2,3.9,11.0,97.0,18.0,0.03,0.03,0.07,0.03,0.07,0.06,0.07,0.13,0.06,0.13
Levi Colwill,DF,Chelsea,2003.0,23.0,20.0,1797.0,20.0,1.0,1.0,2.0,1.0,0.0,0.0,2.0,0.0,1.3,1.3,1.2,2.5,23.0,73.0,27.0,0.05,0.05,0.1,0.05,0.1,0.06,0.06,0.12,0.06,0.12
Lewis Cook,MF,Bournemouth,1997.0,33.0,32.0,2786.0,31.0,0.0,3.0,3.0,0.0,0.0,0.0,5.0,1.0,0.4,0.4,4.3,4.6,22.0,142.0,15.0,0.0,0.1,0.1,0.0,0.1,0.01,0.14,0.15,0.01,0.15
Jack Cork,MF,Burnley,1989.0,4.0,0.0,27.0,0.3,0.0,0.0,0.0,0.0,0.0,0.0,0.0,0.0,0.0,0.0,0.0,0.0,4.0,4.0,1.0,0.0,0.0,0.0,0.0,0.0,0.0,0.0,0.0,0.0,0.0
Maxwel Cornet,"MF,FW",West Ham,1996.0,7.0,1.0,112.0,1.2,1.0,0.0,1.0,1.0,0.0,0.0,0.0,0.0,0.4,0.4,0.2,0.6,3.0,2.0,8.0,0.8,0.0,0.8,0.8,0.8,0.32,0.13,0.46,0.32,0.46
Vladimír Coufal,DF,West Ham,1992.0,36.0,36.0,3132.0,34.8,0.0,7.0,7.0,0.0,0.0,0.0,7.0,1.0,0.3,0.3,4.0,4.3,68.0,119.0,126.0,0.0,0.2,0.2,0.0,0.2,0.01,0.11,0.12,0.01,0.12
Philippe Coutinho,"MF,FW",Aston Villa,1992.0,2.0,0.0,25.0,0.3,0.0,0.0,0.0,0.0,0.0,0.0,0.0,0.0,0.1,0.1,0.0,0.1,5.0,5.0,2.0,0.0,0.0,0.0,0.0,0.0,0.52,0.0,0.52,0.52,0.52
Aaron Cresswell,"DF,FW",West Ham,1989.0,11.0,4.0,436.0,4.8,0.0,0.0,0.0,0.0,0.0,0.0,1.0,0.0,0.0,0.0,0.4,0.4,4.0,26.0,6.0,0.0,0.0,0.0,0.0,0.0,0.0,0.09,0.09,0.0,0.09
Marc Cucurella,DF,Chelsea,1998.0,21.0,20.0,1782.0,19.8,0.0,2.0,2.0,0.0,0.0,0.0,10.0,0.0,1.1,1.1,1.1,2.2,31.0,50.0,73.0,0.0,0.1,0.1,0.0,0.1,0.06,0.05,0.11,0.06,0.11
Josh Cullen,MF,Burnley,1996.0,25.0,23.0,2057.0,22.9,2.0,3.0,5.0,2.0,0.0,0.0,9.0,0.0,0.6,0.6,1.8,2.4,22.0,123.0,22.0,0.09,0.13,0.22,0.09,0.22,0.03,0.08,0.11,0.03,0.11
Matheus Cunha,"FW,MF",Wolves,1999.0,32.0,29.0,2440.0,27.1,12.0,7.0,19.0,11.0,1.0,1.0,9.0,0.0,9.5,8.7,3.2,11.9,107.0,87.0,139.0,0.44,0.26,0.7,0.41,0.66,0.35,0.12,0.47,0.32,0.44
Sam Curtis,DF,Sheffield Utd,2005.0,1.0,0.0,28.0,0.3,0.0,0.0,0.0,0.0,0.0,0.0,0.0,0.0,0.0,0.0,0.0,0.0,0.0,1.0,1.0,0.0,0.0,0.0,0.0,0.0,0.0,0.0,0.0,0.0,0.0
Mahmoud Dahoud,MF,Brighton,1996.0,9.0,6.0,452.0,5.0,0.0,1.0,1.0,0.0,0.0,0.0,1.0,1.0,0.2,0.2,0.9,1.1,4.0,11.0,6.0,0.0,0.2,0.2,0.0,0.2,0.04,0.18,0.22,0.04,0.22
Ameen Al-Dakhil,DF,Burnley,2002.0,13.0,12.0,1056.0,11.7,1.0,0.0,1.0,1.0,0.0,0.0,1.0,0.0,1.3,1.3,0.1,1.4,7.0,35.0,9.0,0.09,0.0,0.09,0.09,0.09,0.11,0.01,0.12,0.11,0.12
Player,Pos,Squad,,,,,,,,,,,,,,,,,,,,,,,,,,,,,,
Diogo Dalot,DF,Manchester Utd,1999.0,36.0,35.0,3174.0,35.3,2.0,3.0,5.0,2.0,0.0,0.0,6.0,1.0,1.7,1.7,2.9,4.6,52.0,124.0,111.0,0.06,0.09,0.14,0.06,0.14,0.05,0.08,0.13,0.05,0.13
Mikkel Damsgaard,MF,Brentford,2000.0,23.0,7.0,842.0,9.4,0.0,2.0,2.0,0.0,0.0,0.0,2.0,0.0,0.9,0.9,1.4,2.4,16.0,61.0,32.0,0.0,0.21,0.21,0.0,0.21,0.1,0.16,0.25,0.1,0.25
Danilo,MF,Nott'ham Forest,2001.0,29.0,20.0,1792.0,19.9,2.0,2.0,4.0,2.0,0.0,0.0,4.0,0.0,1.8,1.8,1.5,3.4,22.0,83.0,28.0,0.1,0.1,0.2,0.1,0.2,0.09,0.08,0.17,0.09,0.17
Arnaut Danjuma,"MF,FW",Everton,1997.0,14.0,5.0,595.0,6.6,1.0,0.0,1.0,1.0,0.0,0.0,0.0,0.0,2.6,2.6,1.1,3.7,24.0,9.0,44.0,0.15,0.0,0.15,0.15,0.15,0.4,0.17,0.57,0.4,0.57
Jayden Danns,FW,Liverpool,2006.0,2.0,0.0,9.0,0.1,0.0,0.0,0.0,0.0,0.0,0.0,1.0,0.0,0.0,0.0,0.0,0.0,0.0,1.0,2.0,0.0,0.0,0.0,0.0,0.0,0.0,0.0,0.0,0.0,0.0
Josh Dasilva,"DF,FW",Brentford,1998.0,3.0,0.0,24.0,0.3,0.0,0.0,0.0,0.0,0.0,0.0,0.0,0.0,0.0,0.0,0.2,0.2,2.0,2.0,5.0,0.0,0.0,0.0,0.0,0.0,0.0,0.72,0.72,0.0,0.72
David Datro Fofana,FW,Burnley,2002.0,15.0,10.0,879.0,9.8,4.0,1.0,5.0,4.0,0.0,0.0,1.0,0.0,4.5,4.5,1.8,6.4,21.0,15.0,39.0,0.41,0.1,0.51,0.41,0.51,0.46,0.19,0.65,0.46,0.65
Ben Davies,DF,Tottenham,1993.0,17.0,12.0,1090.0,12.1,1.0,0.0,1.0,1.0,0.0,0.0,2.0,0.0,2.3,2.3,0.4,2.7,13.0,71.0,20.0,0.08,0.0,0.08,0.08,0.08,0.19,0.03,0.23,0.19,0.23
Tom Davies,MF,Sheffield Utd,1998.0,9.0,2.0,221.0,2.5,0.0,0.0,0.0,0.0,0.0,0.0,2.0,0.0,0.4,0.4,0.1,0.4,3.0,8.0,3.0,0.0,0.0,0.0,0.0,0.0,0.14,0.03,0.17,0.14,0.17
Craig Dawson,DF,Wolves,1990.0,25.0,25.0,2209.0,24.5,1.0,1.0,2.0,1.0,0.0,0.0,7.0,0.0,1.5,1.5,1.4,2.9,1.0,49.0,4.0,0.04,0.04,0.08,0.04,0.08,0.06,0.06,0.12,0.06,0.12
Kevin De Bruyne,MF,Manchester City,1991.0,18.0,15.0,1221.0,13.6,4.0,10.0,14.0,4.0,0.0,0.0,2.0,0.0,2.4,2.4,11.5,14.0,47.0,111.0,133.0,0.29,0.74,1.03,0.29,1.03,0.18,0.85,1.03,0.18,1.03
Hannes Delcroix,DF,Burnley,1999.0,12.0,5.0,589.0,6.5,0.0,0.0,0.0,0.0,0.0,0.0,2.0,0.0,0.4,0.4,0.2,0.6,2.0,18.0,6.0,0.0,0.0,0.0,0.0,0.0,0.05,0.03,0.09,0.05,0.09
Leander Dendoncker,MF,Aston Villa,1995.0,8.0,1.0,119.0,1.3,1.0,0.0,1.0,1.0,0.0,0.0,0.0,0.0,0.7,0.7,0.0,0.7,0.0,3.0,2.0,0.76,0.0,0.76,0.76,0.76,0.56,0.0,0.56,0.56,0.56
Moussa Diaby,"FW,MF",Aston Villa,1999.0,38.0,25.0,2174.0,24.2,6.0,8.0,14.0,6.0,0.0,0.0,1.0,0.0,7.0,7.0,6.6,13.6,94.0,72.0,183.0,0.25,0.33,0.58,0.25,0.58,0.29,0.27,0.56,0.29,0.56
Amad Diallo,"FW,MF",Manchester Utd,2002.0,9.0,3.0,390.0,4.3,1.0,1.0,2.0,1.0,0.0,0.0,1.0,0.0,0.5,0.5,1.0,1.6,11.0,10.0,31.0,0.23,0.23,0.46,0.23,0.46,0.12,0.24,0.36,0.12,0.36
Amadou Diallo,MF,Newcastle Utd,2003.0,1.0,0.0,1.0,0.0,0.0,0.0,0.0,0.0,0.0,0.0,0.0,0.0,0.0,0.0,0.0,0.0,0.0,0.0,0.0,0.0,0.0,0.0,0.0,0.0,0.0,0.0,0.0,0.0,0.0
Rúben Dias,DF,Manchester City,1997.0,30.0,28.0,2559.0,28.4,0.0,0.0,0.0,0.0,0.0,0.0,0.0,0.0,1.4,1.4,0.3,1.7,34.0,173.0,16.0,0.0,0.0,0.0,0.0,0.0,0.05,0.01,0.06,0.05,0.06
Luis Díaz,FW,Liverpool,1997.0,37.0,32.0,2629.0,29.2,8.0,5.0,13.0,8.0,0.0,0.0,3.0,0.0,11.9,11.9,5.7,17.5,137.0,113.0,302.0,0.27,0.17,0.45,0.27,0.45,0.41,0.19,0.6,0.41,0.6
Eric Dier,DF,Tottenham,1994.0,4.0,1.0,201.0,2.2,0.0,0.0,0.0,0.0,0.0,0.0,0.0,0.0,0.0,0.0,0.0,0.0,0.0,3.0,0.0,0.0,0.0,0.0,0.0,0.0,0.0,0.0,0.0,0.0,0.0
Lucas Digne,DF,Aston Villa,1993.0,33.0,27.0,2410.0,26.8,1.0,3.0,4.0,1.0,0.0,0.0,7.0,0.0,1.1,1.1,4.1,5.2,42.0,77.0,200.0,0.04,0.11,0.15,0.04,0.15,0.04,0.15,0.19,0.04,0.19
Issa Diop,DF,Fulham,1997.0,18.0,16.0,1424.0,15.8,0.0,0.0,0.0,0.0,0.0,0.0,4.0,1.0,0.3,0.3,0.0,0.3,11.0,66.0,1.0,0.0,0.0,0.0,0.0,0.0,0.02,0.0,0.02,0.02,0.02
Axel Disasi,DF,Chelsea,1998.0,31.0,29.0,2579.0,28.7,2.0,0.0,2.0,2.0,0.0,0.0,6.0,0.0,2.4,2.4,0.3,2.7,30.0,112.0,21.0,0.07,0.0,0.07,0.07,0.07,0.08,0.01,0.09,0.08,0.09
Ben Doak,FW,Liverpool,2005.0,1.0,0.0,14.0,0.2,0.0,0.0,0.0,0.0,0.0,0.0,0.0,0.0,0.0,0.0,0.0,0.0,0.0,0.0,0.0,0.0,0.0,0.0,0.0,0.0,0.0,0.0,0.0,0.0,0.0
Lewis Dobbin,MF,Everton,2003.0,12.0,1.0,232.0,2.6,1.0,0.0,1.0,1.0,0.0,0.0,1.0,0.0,0.3,0.3,0.5,0.8,6.0,3.0,20.0,0.39,0.0,0.39,0.39,0.39,0.11,0.19,0.3,0.11,0.3
Matt Doherty,"DF,MF",Wolves,1992.0,30.0,9.0,1150.0,12.8,1.0,0.0,1.0,1.0,0.0,0.0,2.0,0.0,0.8,0.8,1.3,2.2,12.0,31.0,64.0,0.08,0.0,0.08,0.08,0.08,0.07,0.1,0.17,0.07,0.17
Player,Pos,Squad,,,,,,,,,,,,,,,,,,,,,,,,,,,,,,
Jeremy Doku,"FW,MF",Manchester City,2002.0,29.0,18.0,1595.0,17.7,3.0,8.0,11.0,3.0,0.0,0.0,3.0,0.0,2.5,2.5,4.6,7.1,218.0,57.0,295.0,0.17,0.45,0.62,0.17,0.62,0.14,0.26,0.4,0.14,0.4
Nicolás Domínguez,"MF,FW",Nott'ham Forest,1998.0,26.0,19.0,1495.0,16.6,2.0,2.0,4.0,2.0,0.0,0.0,4.0,0.0,1.3,1.3,1.0,2.3,14.0,91.0,43.0,0.12,0.12,0.24,0.12,0.24,0.08,0.06,0.14,0.08,0.14
Jamie Donley,FW,Tottenham,2005.0,3.0,0.0,3.0,0.0,0.0,0.0,0.0,0.0,0.0,0.0,1.0,0.0,0.0,0.0,0.0,0.0,0.0,0.0,0.0,0.0,0.0,0.0,0.0,0.0,0.0,0.0,0.0,0.0,0.0
Abdoulaye Doucouré,"FW,MF",Everton,1993.0,32.0,32.0,2629.0,29.2,7.0,1.0,8.0,7.0,0.0,0.0,7.0,0.0,8.8,8.8,2.9,11.6,55.0,97.0,140.0,0.24,0.03,0.27,0.24,0.27,0.3,0.1,0.4,0.3,0.4
Cheick Doucouré,MF,Crystal Palace,2000.0,11.0,11.0,919.0,10.2,0.0,0.0,0.0,0.0,0.0,0.0,2.0,0.0,0.3,0.3,0.7,1.0,9.0,49.0,5.0,0.0,0.0,0.0,0.0,0.0,0.03,0.07,0.1,0.03,0.1
Alfie Doughty,DF,Luton Town,1999.0,37.0,34.0,2925.0,32.5,2.0,8.0,10.0,2.0,0.0,0.0,5.0,0.0,1.3,1.3,6.3,7.6,94.0,106.0,164.0,0.06,0.25,0.31,0.06,0.31,0.04,0.19,0.23,0.04,0.23
Tommy Doyle,MF,Wolves,2001.0,26.0,11.0,1222.0,13.6,0.0,0.0,0.0,0.0,0.0,0.0,2.0,0.0,0.4,0.4,0.4,0.9,21.0,81.0,17.0,0.0,0.0,0.0,0.0,0.0,0.03,0.03,0.06,0.03,0.06
Radu Drăgușin,DF,Tottenham,2002.0,9.0,4.0,429.0,4.8,0.0,0.0,0.0,0.0,0.0,0.0,1.0,0.0,0.1,0.1,0.0,0.1,5.0,8.0,1.0,0.0,0.0,0.0,0.0,0.0,0.03,0.0,0.03,0.03,0.03
Martin Dúbravka,GK,Newcastle Utd,1989.0,23.0,22.0,1985.0,22.1,0.0,0.0,0.0,0.0,0.0,0.0,1.0,0.0,0.0,0.0,0.1,0.1,0.0,0.0,0.0,0.0,0.0,0.0,0.0,0.0,0.0,0.0,0.0,0.0,0.0
Paul Dummett,DF,Newcastle Utd,1991.0,5.0,0.0,20.0,0.2,0.0,0.0,0.0,0.0,0.0,0.0,0.0,0.0,0.0,0.0,0.0,0.0,1.0,1.0,0.0,0.0,0.0,0.0,0.0,0.0,0.11,0.0,0.11,0.11,0.11
Lewis Dunk,DF,Brighton,1991.0,33.0,33.0,2869.0,31.9,3.0,1.0,4.0,3.0,0.0,0.0,7.0,1.0,3.1,3.1,0.9,4.0,33.0,152.0,13.0,0.09,0.03,0.13,0.09,0.13,0.1,0.03,0.12,0.1,0.12
Jhon Durán,"FW,MF",Aston Villa,2003.0,23.0,3.0,475.0,5.3,5.0,0.0,5.0,5.0,0.0,0.0,5.0,0.0,2.0,2.0,0.3,2.3,9.0,9.0,25.0,0.95,0.0,0.95,0.95,0.95,0.38,0.06,0.44,0.38,0.44
George Earthy,FW,West Ham,2004.0,3.0,0.0,34.0,0.4,1.0,0.0,1.0,1.0,0.0,0.0,0.0,0.0,0.3,0.3,0.0,0.3,0.0,1.0,3.0,2.65,0.0,2.65,2.65,2.65,0.82,0.0,0.82,0.82,0.82
Ederson,GK,Manchester City,1993.0,33.0,33.0,2785.0,30.9,0.0,0.0,0.0,0.0,0.0,0.0,5.0,0.0,0.0,0.0,0.1,0.1,0.0,4.0,0.0,0.0,0.0,0.0,0.0,0.0,0.0,0.0,0.0,0.0,0.0
Odsonne Édouard,"FW,MF",Crystal Palace,1998.0,30.0,17.0,1555.0,17.3,7.0,0.0,7.0,7.0,0.0,0.0,4.0,0.0,6.2,6.2,1.2,7.4,33.0,36.0,100.0,0.41,0.0,0.41,0.41,0.41,0.36,0.07,0.43,0.36,0.43
John Egan,DF,Sheffield Utd,1992.0,6.0,6.0,482.0,5.4,0.0,0.0,0.0,0.0,0.0,0.0,2.0,0.0,0.2,0.2,0.0,0.2,0.0,5.0,1.0,0.0,0.0,0.0,0.0,0.0,0.03,0.0,0.03,0.03,0.03
Hjalmar Ekdal,DF,Burnley,1998.0,8.0,5.0,437.0,4.9,0.0,0.0,0.0,0.0,0.0,0.0,2.0,0.0,0.1,0.1,0.1,0.1,5.0,11.0,1.0,0.0,0.0,0.0,0.0,0.0,0.01,0.01,0.03,0.01,0.03
Anthony Elanga,"FW,MF",Nott'ham Forest,2002.0,36.0,25.0,2433.0,27.0,5.0,9.0,14.0,5.0,0.0,0.0,1.0,0.0,6.6,6.6,6.7,13.3,98.0,49.0,196.0,0.18,0.33,0.52,0.18,0.52,0.24,0.25,0.49,0.24,0.49
Harvey Elliott,"MF,FW",Liverpool,2003.0,34.0,11.0,1352.0,15.0,3.0,6.0,9.0,3.0,0.0,0.0,2.0,0.0,2.7,2.7,3.5,6.2,44.0,128.0,122.0,0.2,0.4,0.6,0.2,0.6,0.18,0.23,0.42,0.18,0.42
Mohamed Elneny,MF,Arsenal,1992.0,3.0,0.0,28.0,0.3,0.0,0.0,0.0,0.0,0.0,0.0,0.0,0.0,0.1,0.1,0.0,0.1,1.0,1.0,0.0,0.0,0.0,0.0,0.0,0.0,0.26,0.0,0.26,0.26,0.26
Emerson,DF,Tottenham,1999.0,22.0,11.0,1161.0,12.9,1.0,0.0,1.0,1.0,0.0,0.0,4.0,0.0,0.2,0.2,0.4,0.6,21.0,57.0,35.0,0.08,0.0,0.08,0.08,0.08,0.02,0.03,0.05,0.02,0.05
Julio Enciso,"MF,FW",Brighton,2004.0,12.0,5.0,475.0,5.3,0.0,2.0,2.0,0.0,0.0,0.0,2.0,0.0,1.4,1.4,1.7,3.2,28.0,21.0,29.0,0.0,0.38,0.38,0.0,0.38,0.27,0.32,0.59,0.27,0.59
Wataru Endo,MF,Liverpool,1993.0,29.0,20.0,1722.0,19.1,1.0,0.0,1.0,1.0,0.0,0.0,10.0,0.0,0.5,0.5,1.7,2.3,10.0,101.0,21.0,0.05,0.0,0.05,0.05,0.05,0.03,0.09,0.12,0.03,0.12
Christian Eriksen,MF,Manchester Utd,1992.0,22.0,12.0,1141.0,12.7,1.0,2.0,3.0,1.0,0.0,0.0,1.0,0.0,1.0,1.0,2.3,3.3,20.0,68.0,23.0,0.08,0.16,0.24,0.08,0.24,0.08,0.18,0.26,0.08,0.26
Maxime Estève,DF,Burnley,2002.0,16.0,15.0,1309.0,14.5,0.0,0.0,0.0,0.0,0.0,0.0,6.0,0.0,0.3,0.3,0.0,0.3,15.0,40.0,3.0,0.0,0.0,0.0,0.0,0.0,0.02,0.0,0.02,0.02,0.02
Player,Pos,Squad,,,,,,,,,,,,,,,,,,,,,,,,,,,,,,
Pervis Estupiñán,DF,Brighton,1998.0,19.0,15.0,1243.0,13.8,2.0,3.0,5.0,2.0,0.0,0.0,4.0,0.0,1.0,1.0,3.5,4.4,47.0,83.0,88.0,0.14,0.22,0.36,0.14,0.36,0.07,0.25,0.32,0.07,0.32
Jonny Evans,DF,Manchester Utd,1988.0,23.0,15.0,1392.0,15.5,0.0,1.0,1.0,0.0,0.0,0.0,2.0,0.0,0.1,0.1,1.2,1.2,7.0,37.0,1.0,0.0,0.06,0.06,0.0,0.06,0.0,0.08,0.08,0.0,0.08
Eberechi Eze,"MF,FW",Crystal Palace,1998.0,27.0,24.0,2055.0,22.8,11.0,4.0,15.0,10.0,1.0,1.0,3.0,0.0,9.1,8.3,5.2,13.5,68.0,93.0,139.0,0.48,0.18,0.66,0.44,0.61,0.4,0.23,0.62,0.36,0.59
Łukasz Fabiański,GK,West Ham,1985.0,10.0,7.0,721.0,8.0,0.0,0.0,0.0,0.0,0.0,0.0,0.0,0.0,0.0,0.0,0.0,0.0,0.0,1.0,0.0,0.0,0.0,0.0,0.0,0.0,0.0,0.0,0.0,0.0,0.0
Romain Faivre,"MF,FW",Bournemouth,1998.0,5.0,0.0,41.0,0.5,0.0,0.0,0.0,0.0,0.0,0.0,1.0,0.0,0.2,0.2,0.0,0.2,4.0,5.0,4.0,0.0,0.0,0.0,0.0,0.0,0.34,0.0,0.34,0.34,0.34
Ansu Fati,"MF,FW",Brighton,2002.0,19.0,3.0,521.0,5.8,2.0,0.0,2.0,2.0,0.0,0.0,2.0,0.0,3.4,3.4,0.8,4.2,16.0,28.0,50.0,0.35,0.0,0.35,0.35,0.35,0.59,0.14,0.73,0.59,0.73
Felipe,DF,Nott'ham Forest,1989.0,7.0,4.0,375.0,4.2,0.0,0.0,0.0,0.0,0.0,0.0,4.0,0.0,0.1,0.1,0.1,0.2,1.0,6.0,0.0,0.0,0.0,0.0,0.0,0.0,0.03,0.01,0.04,0.03,0.04
Evan Ferguson,FW,Brighton,2004.0,27.0,15.0,1367.0,15.2,6.0,0.0,6.0,6.0,0.0,0.0,1.0,0.0,4.6,4.6,0.5,5.1,13.0,15.0,62.0,0.4,0.0,0.4,0.4,0.4,0.3,0.04,0.34,0.3,0.34
Bruno Fernandes,"MF,FW",Manchester Utd,1994.0,35.0,35.0,3118.0,34.6,10.0,8.0,18.0,6.0,4.0,5.0,9.0,0.0,10.0,6.1,11.8,17.8,86.0,297.0,182.0,0.29,0.23,0.52,0.17,0.4,0.29,0.34,0.63,0.17,0.51
Enzo Fernández,MF,Chelsea,2001.0,28.0,26.0,2209.0,24.5,3.0,2.0,5.0,2.0,1.0,2.0,7.0,0.0,6.2,4.6,3.4,8.0,52.0,210.0,54.0,0.12,0.08,0.2,0.08,0.16,0.25,0.14,0.39,0.19,0.33
John Fleck,"MF,DF",Sheffield Utd,1991.0,4.0,1.0,92.0,1.0,0.0,0.0,0.0,0.0,0.0,0.0,1.0,0.0,0.0,0.0,0.4,0.4,2.0,3.0,0.0,0.0,0.0,0.0,0.0,0.0,0.0,0.44,0.44,0.0,0.44
Mark Flekken,GK,Brentford,1993.0,37.0,37.0,3285.0,36.5,0.0,1.0,1.0,0.0,0.0,0.0,3.0,0.0,0.0,0.0,0.5,0.5,0.0,5.0,0.0,0.0,0.03,0.03,0.0,0.03,0.0,0.01,0.01,0.0,0.01
Phil Foden,"FW,MF",Manchester City,2000.0,35.0,33.0,2857.0,31.7,19.0,8.0,27.0,19.0,0.0,0.0,2.0,0.0,10.3,10.3,8.4,18.7,93.0,168.0,269.0,0.6,0.25,0.85,0.6,0.85,0.33,0.26,0.59,0.33,0.59
Wes Foderingham,GK,Sheffield Utd,1991.0,30.0,29.0,2649.0,29.4,0.0,0.0,0.0,0.0,0.0,0.0,2.0,0.0,0.0,0.0,0.1,0.1,0.0,0.0,0.0,0.0,0.0,0.0,0.0,0.0,0.0,0.0,0.0,0.0,0.0
Pablo Fornals,"MF,FW",West Ham,1996.0,15.0,4.0,426.0,4.7,0.0,0.0,0.0,0.0,0.0,0.0,0.0,0.0,0.3,0.3,0.3,0.6,4.0,29.0,27.0,0.0,0.0,0.0,0.0,0.0,0.07,0.07,0.13,0.07,0.13
Omari Forson,FW,Manchester Utd,2004.0,4.0,1.0,70.0,0.8,0.0,1.0,1.0,0.0,0.0,0.0,0.0,0.0,0.0,0.0,0.2,0.2,1.0,2.0,2.0,0.0,1.29,1.29,0.0,1.29,0.04,0.23,0.27,0.04,0.27
Lyle Foster,"FW,MF",Burnley,2000.0,24.0,22.0,1899.0,21.1,5.0,3.0,8.0,5.0,0.0,0.0,0.0,1.0,4.5,4.5,1.9,6.4,55.0,37.0,104.0,0.24,0.14,0.38,0.24,0.38,0.21,0.09,0.3,0.21,0.3
Matheus França,"MF,FW",Crystal Palace,2004.0,10.0,1.0,232.0,2.6,0.0,1.0,1.0,0.0,0.0,0.0,1.0,0.0,0.4,0.4,0.9,1.2,12.0,8.0,12.0,0.0,0.39,0.39,0.0,0.39,0.14,0.34,0.48,0.14,0.48
Nathan Fraser,FW,Wolves,2005.0,7.0,1.0,186.0,2.1,0.0,0.0,0.0,0.0,0.0,0.0,1.0,0.0,0.3,0.3,0.1,0.4,1.0,2.0,21.0,0.0,0.0,0.0,0.0,0.0,0.16,0.04,0.19,0.16,0.19
Cody Gakpo,"FW,MF",Liverpool,1999.0,35.0,17.0,1649.0,18.3,8.0,5.0,13.0,8.0,0.0,0.0,1.0,0.0,9.0,9.0,2.9,11.8,43.0,83.0,130.0,0.44,0.27,0.71,0.44,0.71,0.49,0.16,0.64,0.49,0.64
Conor Gallagher,MF,Chelsea,2000.0,37.0,37.0,3128.0,34.8,5.0,7.0,12.0,5.0,0.0,0.0,9.0,1.0,4.2,4.2,5.0,9.2,62.0,172.0,122.0,0.14,0.2,0.35,0.14,0.35,0.12,0.15,0.27,0.12,0.27
Idrissa Gana Gueye,MF,Everton,1989.0,25.0,24.0,1884.0,20.9,4.0,0.0,4.0,4.0,0.0,0.0,8.0,0.0,1.3,1.3,1.1,2.4,29.0,83.0,41.0,0.19,0.0,0.19,0.19,0.19,0.06,0.05,0.12,0.06,0.12
Alejandro Garnacho,FW,Manchester Utd,2004.0,36.0,30.0,2565.0,28.5,7.0,4.0,11.0,7.0,0.0,0.0,4.0,0.0,8.4,8.3,5.1,13.4,178.0,62.0,281.0,0.25,0.14,0.39,0.25,0.39,0.29,0.18,0.47,0.29,0.47
James Garner,MF,Everton,2001.0,37.0,34.0,3004.0,33.4,1.0,2.0,3.0,1.0,0.0,0.0,7.0,0.0,2.7,2.7,4.6,7.3,36.0,100.0,76.0,0.03,0.06,0.09,0.03,0.09,0.08,0.14,0.22,0.08,0.22
Saman Ghoddos,DF,Brentford,1993.0,19.0,7.0,739.0,8.2,1.0,0.0,1.0,1.0,0.0,0.0,5.0,0.0,0.3,0.3,1.1,1.4,22.0,36.0,31.0,0.12,0.0,0.12,0.12,0.12,0.04,0.13,0.17,0.04,0.17
Player,Pos,Squad,,,,,,,,,,,,,,,,,,,,,,,,,,,,,,
Morgan Gibbs-White,"MF,FW",Nott'ham Forest,2000.0,37.0,35.0,3156.0,35.1,5.0,10.0,15.0,4.0,1.0,1.0,9.0,0.0,6.9,6.1,8.4,14.6,80.0,170.0,181.0,0.14,0.29,0.43,0.11,0.4,0.2,0.24,0.44,0.17,0.42
Bryan Gil,"FW,MF",Tottenham,2001.0,11.0,2.0,209.0,2.3,0.0,0.0,0.0,0.0,0.0,0.0,0.0,0.0,0.8,0.8,0.2,1.0,11.0,16.0,49.0,0.0,0.0,0.0,0.0,0.0,0.32,0.09,0.41,0.32,0.41
Alfie Gilchrist,DF,Chelsea,2003.0,11.0,2.0,207.0,2.3,1.0,0.0,1.0,1.0,0.0,0.0,1.0,0.0,0.3,0.3,0.0,0.3,1.0,7.0,4.0,0.43,0.0,0.43,0.43,0.43,0.14,0.0,0.14,0.14,0.14
Billy Gilmour,MF,Brighton,2001.0,30.0,24.0,2120.0,23.6,0.0,1.0,1.0,0.0,0.0,0.0,8.0,1.0,1.0,1.0,2.0,3.0,39.0,193.0,33.0,0.0,0.04,0.04,0.0,0.04,0.04,0.09,0.13,0.04,0.13
Ben Godfrey,DF,Everton,1998.0,15.0,13.0,1120.0,12.4,0.0,0.0,0.0,0.0,0.0,0.0,2.0,0.0,1.7,1.7,0.3,2.0,11.0,43.0,26.0,0.0,0.0,0.0,0.0,0.0,0.14,0.02,0.16,0.14,0.16
André Gomes,"MF,FW",Everton,1993.0,12.0,3.0,508.0,5.6,1.0,0.0,1.0,1.0,0.0,0.0,4.0,0.0,0.3,0.3,0.4,0.7,8.0,36.0,29.0,0.18,0.0,0.18,0.18,0.18,0.05,0.07,0.13,0.05,0.13
João Gomes,MF,Wolves,2001.0,34.0,32.0,2649.0,29.4,2.0,1.0,3.0,2.0,0.0,0.0,11.0,0.0,1.7,1.7,1.1,2.8,28.0,101.0,44.0,0.07,0.03,0.1,0.07,0.1,0.06,0.04,0.1,0.06,0.1
Toti Gomes,DF,Wolves,1999.0,35.0,31.0,2772.0,30.8,1.0,3.0,4.0,1.0,0.0,0.0,7.0,0.0,1.6,1.6,1.2,2.8,22.0,79.0,11.0,0.03,0.1,0.13,0.03,0.13,0.05,0.04,0.09,0.05,0.09
Joe Gomez,DF,Liverpool,1997.0,32.0,17.0,1786.0,19.8,0.0,1.0,1.0,0.0,0.0,0.0,5.0,0.0,0.8,0.8,1.3,2.1,44.0,100.0,105.0,0.0,0.05,0.05,0.0,0.05,0.04,0.07,0.1,0.04,0.1
Sergio Gómez,"FW,MF",Manchester City,2000.0,6.0,0.0,53.0,0.6,0.0,1.0,1.0,0.0,0.0,0.0,0.0,0.0,0.2,0.2,0.2,0.4,4.0,2.0,4.0,0.0,1.7,1.7,0.0,1.7,0.41,0.31,0.73,0.41,0.73
Enso Gonzalez,"MF,DF",Wolves,2005.0,1.0,0.0,1.0,0.0,0.0,0.0,0.0,0.0,0.0,0.0,0.0,0.0,0.0,0.0,0.0,0.0,0.0,0.0,2.0,0.0,0.0,0.0,0.0,0.0,0.0,0.0,0.0,0.0,0.0
Anthony Gordon,FW,Newcastle Utd,2001.0,35.0,34.0,2890.0,32.1,11.0,10.0,21.0,10.0,1.0,1.0,12.0,1.0,10.2,9.4,8.0,17.5,138.0,101.0,232.0,0.34,0.31,0.65,0.31,0.62,0.32,0.25,0.57,0.29,0.54
Kaide Gordon,FW,Liverpool,2004.0,1.0,0.0,1.0,0.0,0.0,0.0,0.0,0.0,0.0,0.0,0.0,0.0,0.0,0.0,0.0,0.0,0.0,1.0,0.0,0.0,0.0,0.0,0.0,0.0,0.0,0.0,0.0,0.0,0.0
Daniel Gore,MF,Manchester Utd,2004.0,1.0,0.0,1.0,0.0,0.0,0.0,0.0,0.0,0.0,0.0,0.0,0.0,0.0,0.0,0.0,0.0,0.0,0.0,0.0,0.0,0.0,0.0,0.0,0.0,0.0,0.0,0.0,0.0,0.0
Ryan Gravenberch,MF,Liverpool,2002.0,26.0,12.0,1121.0,12.5,1.0,0.0,1.0,1.0,0.0,0.0,0.0,0.0,2.0,2.0,0.9,2.9,39.0,78.0,71.0,0.08,0.0,0.08,0.08,0.08,0.16,0.07,0.23,0.16,0.23
Ivo Grbić,GK,Sheffield Utd,1996.0,9.0,9.0,771.0,8.6,0.0,0.0,0.0,0.0,0.0,0.0,1.0,0.0,0.0,0.0,0.0,0.0,0.0,0.0,0.0,0.0,0.0,0.0,0.0,0.0,0.0,0.0,0.0,0.0,0.0
Jack Grealish,"FW,MF",Manchester City,1995.0,20.0,10.0,1009.0,11.2,3.0,1.0,4.0,3.0,0.0,0.0,6.0,0.0,2.1,2.1,2.5,4.6,87.0,50.0,146.0,0.27,0.09,0.36,0.27,0.36,0.19,0.22,0.41,0.19,0.41
Pascal Groß,"MF,DF",Brighton,1991.0,36.0,34.0,3114.0,34.6,4.0,10.0,14.0,3.0,1.0,1.0,6.0,0.0,6.5,5.7,8.1,13.8,83.0,302.0,180.0,0.12,0.29,0.4,0.09,0.38,0.19,0.24,0.42,0.16,0.4
Marc Guéhi,DF,Crystal Palace,2000.0,25.0,23.0,2021.0,22.5,0.0,1.0,1.0,0.0,0.0,0.0,2.0,0.0,0.6,0.6,0.6,1.2,15.0,67.0,7.0,0.0,0.04,0.04,0.0,0.04,0.03,0.03,0.05,0.03,0.05
Bruno Guimarães,MF,Newcastle Utd,1997.0,37.0,37.0,3263.0,36.3,7.0,8.0,15.0,7.0,0.0,0.0,9.0,0.0,4.8,4.8,6.4,11.2,65.0,283.0,73.0,0.19,0.22,0.41,0.19,0.41,0.13,0.18,0.31,0.13,0.31
Malo Gusto,DF,Chelsea,2003.0,27.0,19.0,1751.0,19.5,0.0,6.0,6.0,0.0,0.0,0.0,7.0,1.0,0.9,0.9,4.3,5.2,78.0,86.0,135.0,0.0,0.31,0.31,0.0,0.31,0.05,0.22,0.27,0.05,0.27
Joško Gvardiol,DF,Manchester City,2002.0,28.0,26.0,2328.0,25.9,4.0,1.0,5.0,4.0,0.0,0.0,3.0,0.0,3.1,3.1,1.4,4.5,63.0,136.0,115.0,0.15,0.04,0.19,0.15,0.19,0.12,0.06,0.18,0.12,0.18
Erling Haaland,FW,Manchester City,2000.0,31.0,29.0,2552.0,28.4,27.0,5.0,32.0,20.0,7.0,8.0,1.0,0.0,29.2,22.9,4.3,27.2,35.0,26.0,126.0,0.95,0.18,1.13,0.71,0.88,1.03,0.15,1.18,0.81,0.96
Antwoine Hackford,FW,Sheffield Utd,2004.0,2.0,0.0,13.0,0.1,0.0,0.0,0.0,0.0,0.0,0.0,0.0,0.0,0.0,0.0,0.0,0.0,0.0,0.0,0.0,0.0,0.0,0.0,0.0,0.0,0.0,0.0,0.0,0.0,0.0
Lewis Hall,DF,Newcastle Utd,2004.0,18.0,8.0,781.0,8.7,1.0,0.0,1.0,1.0,0.0,0.0,2.0,0.0,0.3,0.3,0.2,0.6,19.0,46.0,27.0,0.12,0.0,0.12,0.12,0.12,0.04,0.03,0.07,0.04,0.07
Player,Pos,Squad,,,,,,,,,,,,,,,,,,,,,,,,,,,,,,
Gustavo Hamer,MF,Sheffield Utd,1997.0,36.0,34.0,2910.0,32.3,4.0,6.0,10.0,4.0,0.0,0.0,9.0,0.0,3.0,3.0,6.1,9.1,36.0,135.0,86.0,0.12,0.19,0.31,0.12,0.31,0.09,0.19,0.28,0.09,0.28
Luke Harris,MF,Fulham,2005.0,1.0,0.0,75.0,0.8,0.0,0.0,0.0,0.0,0.0,0.0,0.0,0.0,0.3,0.3,0.0,0.3,0.0,1.0,0.0,0.0,0.0,0.0,0.0,0.0,0.33,0.0,0.33,0.33,0.33
Jack Harrison,"MF,FW",Everton,1996.0,29.0,25.0,2214.0,24.6,3.0,3.0,6.0,3.0,0.0,0.0,1.0,0.0,3.6,3.6,3.4,7.0,65.0,62.0,135.0,0.12,0.12,0.24,0.12,0.24,0.14,0.14,0.28,0.14,0.28
Daiki Hashioka,DF,Luton Town,1999.0,10.0,6.0,595.0,6.6,0.0,0.0,0.0,0.0,0.0,0.0,0.0,0.0,0.1,0.1,0.7,0.8,3.0,21.0,16.0,0.0,0.0,0.0,0.0,0.0,0.02,0.1,0.12,0.02,0.12
Kai Havertz,"MF,FW",Arsenal,1999.0,37.0,30.0,2634.0,29.3,13.0,7.0,20.0,12.0,1.0,1.0,11.0,0.0,12.3,11.6,4.4,15.9,55.0,99.0,191.0,0.44,0.24,0.68,0.41,0.65,0.42,0.15,0.57,0.39,0.54
Jan Paul van Hecke,DF,Brighton,2000.0,28.0,26.0,2369.0,26.3,0.0,0.0,0.0,0.0,0.0,0.0,4.0,0.0,1.2,1.2,0.9,2.1,25.0,147.0,7.0,0.0,0.0,0.0,0.0,0.0,0.05,0.03,0.08,0.05,0.08
Hwang Hee-chan,"FW,MF",Wolves,1996.0,29.0,25.0,2119.0,23.5,12.0,3.0,15.0,11.0,1.0,1.0,6.0,0.0,7.7,6.9,3.0,9.9,37.0,37.0,120.0,0.51,0.13,0.64,0.47,0.59,0.33,0.13,0.45,0.29,0.42
Dean Henderson,GK,Crystal Palace,1997.0,18.0,18.0,1620.0,18.0,0.0,0.0,0.0,0.0,0.0,0.0,2.0,0.0,0.0,0.0,0.0,0.0,0.0,0.0,0.0,0.0,0.0,0.0,0.0,0.0,0.0,0.0,0.0,0.0,0.0
Rico Henry,DF,Brentford,1997.0,5.0,5.0,401.0,4.5,0.0,1.0,1.0,0.0,0.0,0.0,1.0,0.0,0.1,0.1,1.0,1.1,13.0,20.0,12.0,0.0,0.22,0.22,0.0,0.22,0.02,0.22,0.24,0.02,0.24
Son Heung-min,FW,Tottenham,1992.0,35.0,34.0,2934.0,32.6,17.0,10.0,27.0,15.0,2.0,2.0,1.0,0.0,12.0,10.4,11.8,22.2,119.0,139.0,325.0,0.52,0.31,0.83,0.46,0.77,0.37,0.36,0.73,0.32,0.68
Aaron Hickey,DF,Brentford,2002.0,9.0,9.0,713.0,7.9,0.0,0.0,0.0,0.0,0.0,0.0,5.0,0.0,0.2,0.2,0.1,0.3,9.0,21.0,13.0,0.0,0.0,0.0,0.0,0.0,0.03,0.01,0.04,0.03,0.04
James Hill,DF,Bournemouth,2002.0,5.0,1.0,76.0,0.8,0.0,0.0,0.0,0.0,0.0,0.0,0.0,0.0,0.0,0.0,0.0,0.0,0.0,5.0,1.0,0.0,0.0,0.0,0.0,0.0,0.0,0.0,0.0,0.0,0.0
Jack Hinshelwood,DF,Brighton,2005.0,12.0,8.0,869.0,9.7,3.0,0.0,3.0,3.0,0.0,0.0,1.0,0.0,1.9,1.9,0.7,2.5,16.0,19.0,38.0,0.31,0.0,0.31,0.31,0.31,0.19,0.07,0.26,0.19,0.26
Mason Holgate,DF,Sheffield Utd,1996.0,10.0,9.0,710.0,7.9,0.0,0.0,0.0,0.0,0.0,0.0,3.0,1.0,0.6,0.6,0.4,1.1,0.0,13.0,0.0,0.0,0.0,0.0,0.0,0.0,0.08,0.05,0.13,0.08,0.13
Callum Hudson-Odoi,"FW,MF",Nott'ham Forest,2000.0,29.0,20.0,1854.0,20.6,8.0,1.0,9.0,8.0,0.0,0.0,0.0,0.0,2.7,2.7,2.8,5.5,111.0,58.0,171.0,0.39,0.05,0.44,0.39,0.44,0.13,0.14,0.27,0.13,0.27
Will Hughes,MF,Crystal Palace,1995.0,30.0,23.0,1891.0,21.0,0.0,1.0,1.0,0.0,0.0,0.0,6.0,0.0,0.3,0.3,1.1,1.5,14.0,76.0,17.0,0.0,0.05,0.05,0.0,0.05,0.02,0.05,0.07,0.02,0.07
Pierre Højbjerg,MF,Tottenham,1995.0,36.0,8.0,1311.0,14.6,0.0,0.0,0.0,0.0,0.0,0.0,4.0,0.0,0.7,0.7,1.2,1.9,17.0,134.0,29.0,0.0,0.0,0.0,0.0,0.0,0.05,0.08,0.13,0.05,0.13
Rasmus Højlund,FW,Manchester Utd,2003.0,30.0,25.0,2158.0,24.0,10.0,2.0,12.0,10.0,0.0,0.0,2.0,0.0,7.6,7.6,1.6,9.2,36.0,33.0,111.0,0.42,0.08,0.5,0.42,0.5,0.32,0.07,0.38,0.32,0.38
Igor,DF,Brighton,1998.0,24.0,17.0,1637.0,18.2,0.0,0.0,0.0,0.0,0.0,0.0,4.0,0.0,0.3,0.3,0.7,1.0,30.0,107.0,12.0,0.0,0.0,0.0,0.0,0.0,0.02,0.04,0.05,0.02,0.05
Danny Ings,FW,West Ham,1992.0,20.0,3.0,404.0,4.5,1.0,0.0,1.0,1.0,0.0,0.0,1.0,0.0,1.3,1.3,0.3,1.5,7.0,8.0,29.0,0.22,0.0,0.22,0.22,0.22,0.28,0.06,0.34,0.28,0.34
Tim Iroegbunam,MF,Aston Villa,2003.0,9.0,1.0,164.0,1.8,0.0,0.0,0.0,0.0,0.0,0.0,0.0,0.0,0.0,0.0,0.0,0.0,3.0,1.0,0.0,0.0,0.0,0.0,0.0,0.0,0.0,0.0,0.0,0.0,0.0
Alexander Isak,FW,Newcastle Utd,1999.0,30.0,27.0,2255.0,25.1,21.0,2.0,23.0,16.0,5.0,6.0,1.0,0.0,20.3,15.6,3.7,19.3,68.0,71.0,129.0,0.84,0.08,0.92,0.64,0.72,0.81,0.15,0.96,0.62,0.77
Alex Iwobi,MF,Everton,1996.0,2.0,2.0,140.0,1.6,0.0,0.0,0.0,0.0,0.0,0.0,0.0,0.0,0.3,0.3,0.2,0.5,6.0,4.0,8.0,0.0,0.0,0.0,0.0,0.0,0.21,0.14,0.35,0.21,0.35
Alex Iwobi,"FW,MF",Fulham,1996.0,30.0,25.0,2192.0,24.4,5.0,2.0,7.0,5.0,0.0,0.0,2.0,0.0,5.3,5.3,4.7,10.0,109.0,147.0,175.0,0.21,0.08,0.29,0.21,0.29,0.22,0.19,0.41,0.22,0.41
Nicolas Jackson,FW,Chelsea,2001.0,35.0,31.0,2799.0,31.1,14.0,5.0,19.0,14.0,0.0,0.0,10.0,0.0,18.6,18.6,4.3,22.9,70.0,67.0,200.0,0.45,0.16,0.61,0.45,0.61,0.6,0.14,0.74,0.6,0.74
Player,Pos,Squad,,,,,,,,,,,,,,,,,,,,,,,,,,,,,,
Reece James,DF,Chelsea,1999.0,10.0,5.0,419.0,4.7,0.0,2.0,2.0,0.0,0.0,0.0,2.0,2.0,0.3,0.3,1.7,2.1,19.0,21.0,35.0,0.0,0.43,0.43,0.0,0.43,0.07,0.37,0.44,0.07,0.44
Vitaly Janelt,"MF,DF",Brentford,1998.0,38.0,37.0,3054.0,33.9,1.0,3.0,4.0,1.0,0.0,0.0,8.0,0.0,1.8,1.8,4.8,6.5,25.0,123.0,81.0,0.03,0.09,0.12,0.03,0.12,0.05,0.14,0.19,0.05,0.19
Daniel Jebbison,FW,Sheffield Utd,2003.0,1.0,0.0,21.0,0.2,0.0,0.0,0.0,0.0,0.0,0.0,0.0,0.0,0.0,0.0,0.0,0.0,0.0,0.0,1.0,0.0,0.0,0.0,0.0,0.0,0.0,0.0,0.0,0.0,0.0
Mathias Jensen,MF,Brentford,1996.0,32.0,27.0,2204.0,24.5,3.0,3.0,6.0,3.0,0.0,0.0,5.0,0.0,0.7,0.7,4.0,4.7,19.0,123.0,66.0,0.12,0.12,0.25,0.12,0.25,0.03,0.16,0.19,0.03,0.19
Gabriel Jesus,FW,Arsenal,1997.0,27.0,17.0,1478.0,16.4,4.0,5.0,9.0,4.0,0.0,0.0,6.0,0.0,6.3,6.3,3.8,10.1,38.0,42.0,155.0,0.24,0.3,0.55,0.24,0.55,0.39,0.23,0.62,0.39,0.62
Raúl Jiménez,FW,Fulham,1991.0,24.0,18.0,1395.0,15.5,7.0,0.0,7.0,7.0,0.0,0.0,3.0,1.0,5.2,5.2,1.5,6.6,11.0,24.0,87.0,0.45,0.0,0.45,0.45,0.45,0.33,0.1,0.43,0.33,0.43
João Pedro,"FW,MF",Brighton,2001.0,31.0,19.0,2045.0,22.7,9.0,3.0,12.0,5.0,4.0,5.0,2.0,0.0,11.9,7.9,3.8,11.7,83.0,92.0,205.0,0.4,0.13,0.53,0.22,0.35,0.53,0.17,0.69,0.35,0.51
Joelinton,"MF,FW",Newcastle Utd,1996.0,20.0,15.0,1279.0,14.2,2.0,1.0,3.0,2.0,0.0,0.0,6.0,0.0,3.0,3.0,2.9,5.9,29.0,56.0,60.0,0.14,0.07,0.21,0.14,0.21,0.21,0.2,0.42,0.21,0.42
Ryan John Giles,"DF,MF",Luton Town,2000.0,11.0,5.0,503.0,5.6,0.0,0.0,0.0,0.0,0.0,0.0,0.0,0.0,0.1,0.1,0.2,0.3,9.0,17.0,30.0,0.0,0.0,0.0,0.0,0.0,0.02,0.04,0.06,0.02,0.06
Ben Johnson,"DF,FW",West Ham,2000.0,14.0,4.0,544.0,6.0,0.0,0.0,0.0,0.0,0.0,0.0,1.0,0.0,0.2,0.2,0.0,0.2,17.0,22.0,33.0,0.0,0.0,0.0,0.0,0.0,0.03,0.0,0.03,0.03,0.03
Brennan Johnson,FW,Tottenham,2001.0,32.0,23.0,2085.0,23.2,5.0,10.0,15.0,5.0,0.0,0.0,3.0,0.0,10.3,10.3,8.1,18.3,97.0,72.0,293.0,0.22,0.43,0.65,0.22,0.65,0.44,0.35,0.79,0.44,0.79
Brennan Johnson,"FW,MF",Nott'ham Forest,2001.0,3.0,3.0,237.0,2.6,0.0,0.0,0.0,0.0,0.0,0.0,0.0,0.0,0.3,0.3,0.2,0.5,8.0,1.0,14.0,0.0,0.0,0.0,0.0,0.0,0.12,0.08,0.21,0.12,0.21
Joseph Johnson,DF,Luton Town,2006.0,2.0,0.0,77.0,0.9,0.0,0.0,0.0,0.0,0.0,0.0,1.0,0.0,0.0,0.0,0.0,0.0,0.0,2.0,1.0,0.0,0.0,0.0,0.0,0.0,0.0,0.0,0.0,0.0,0.0
Sam Johnstone,GK,Crystal Palace,1993.0,20.0,20.0,1796.0,20.0,0.0,0.0,0.0,0.0,0.0,0.0,1.0,0.0,0.0,0.0,0.0,0.0,0.0,0.0,0.0,0.0,0.0,0.0,0.0,0.0,0.0,0.0,0.0,0.0,0.0
Curtis Jones,MF,Liverpool,2001.0,23.0,14.0,1167.0,13.0,1.0,1.0,2.0,1.0,0.0,0.0,3.0,1.0,2.6,2.6,0.7,3.3,31.0,74.0,88.0,0.08,0.08,0.15,0.08,0.15,0.2,0.05,0.25,0.2,0.25
Jorginho,MF,Arsenal,1991.0,24.0,10.0,921.0,10.2,0.0,2.0,2.0,0.0,0.0,0.0,1.0,0.0,0.1,0.1,1.4,1.5,8.0,101.0,8.0,0.0,0.2,0.2,0.0,0.2,0.01,0.13,0.14,0.01,0.14
Diogo Jota,FW,Liverpool,1996.0,21.0,14.0,1145.0,12.7,10.0,3.0,13.0,10.0,0.0,0.0,3.0,1.0,5.3,5.3,3.3,8.6,54.0,34.0,111.0,0.79,0.24,1.02,0.79,1.02,0.42,0.26,0.68,0.42,0.68
Mads Juel Andersen,DF,Luton Town,1997.0,8.0,4.0,400.0,4.4,1.0,0.0,1.0,1.0,0.0,0.0,1.0,0.0,0.3,0.3,0.0,0.3,0.0,7.0,1.0,0.23,0.0,0.23,0.23,0.23,0.06,0.0,0.06,0.06,0.06
Hamed Junior Traorè,MF,Bournemouth,2000.0,3.0,0.0,47.0,0.5,0.0,0.0,0.0,0.0,0.0,0.0,0.0,0.0,0.2,0.2,0.0,0.2,2.0,3.0,4.0,0.0,0.0,0.0,0.0,0.0,0.34,0.07,0.41,0.34,0.41
Mathias Jørgensen,DF,Brentford,1990.0,14.0,12.0,1087.0,12.1,1.0,0.0,1.0,1.0,0.0,0.0,4.0,0.0,0.7,0.7,0.9,1.7,5.0,50.0,4.0,0.08,0.0,0.08,0.08,0.08,0.06,0.08,0.14,0.06,0.14
Issa Kaboré,DF,Luton Town,2001.0,24.0,21.0,1729.0,19.2,0.0,2.0,2.0,0.0,0.0,0.0,7.0,0.0,0.2,0.2,2.1,2.3,60.0,54.0,85.0,0.0,0.1,0.1,0.0,0.1,0.01,0.11,0.12,0.01,0.12
Sasa Kalajdzic,FW,Wolves,1997.0,11.0,1.0,166.0,1.8,2.0,0.0,2.0,2.0,0.0,0.0,0.0,0.0,1.1,1.1,1.0,2.0,1.0,5.0,9.0,1.08,0.0,1.08,1.08,1.08,0.57,0.52,1.09,0.57,1.09
Boubacar Kamara,MF,Aston Villa,1999.0,20.0,20.0,1652.0,18.4,0.0,1.0,1.0,0.0,0.0,0.0,7.0,1.0,0.1,0.1,1.3,1.4,19.0,83.0,10.0,0.0,0.05,0.05,0.0,0.05,0.01,0.07,0.08,0.01,0.08
Willy Kambwala,DF,Manchester Utd,2004.0,8.0,3.0,330.0,3.7,0.0,0.0,0.0,0.0,0.0,0.0,1.0,0.0,0.0,0.0,0.0,0.0,2.0,8.0,1.0,0.0,0.0,0.0,0.0,0.0,0.0,0.0,0.0,0.0,0.0
Thomas Kaminski,GK,Luton Town,1992.0,38.0,38.0,3405.0,37.8,0.0,0.0,0.0,0.0,0.0,0.0,3.0,0.0,0.0,0.0,0.0,0.0,0.0,1.0,0.0,0.0,0.0,0.0,0.0,0.0,0.0,0.0,0.0,0.0,0.0
Player,Pos,Squad,,,,,,,,,,,,,,,,,,,,,,,,,,,,,,
Loris Karius,GK,Newcastle Utd,1993.0,1.0,1.0,90.0,1.0,0.0,0.0,0.0,0.0,0.0,0.0,0.0,0.0,0.0,0.0,0.0,0.0,0.0,0.0,0.0,0.0,0.0,0.0,0.0,0.0,0.0,0.0,0.0,0.0,0.0
Michael Keane,DF,Everton,1993.0,9.0,4.0,439.0,4.9,1.0,0.0,1.0,1.0,0.0,0.0,2.0,0.0,0.7,0.7,0.0,0.7,4.0,14.0,3.0,0.21,0.0,0.21,0.21,0.21,0.14,0.0,0.14,0.14,0.14
Thilo Kehrer,"DF,MF",West Ham,1996.0,4.0,0.0,22.0,0.2,0.0,0.0,0.0,0.0,0.0,0.0,2.0,0.0,0.0,0.0,0.0,0.0,0.0,1.0,1.0,0.0,0.0,0.0,0.0,0.0,0.0,0.0,0.0,0.0,0.0
Caoimhín Kelleher,GK,Liverpool,1998.0,10.0,10.0,900.0,10.0,0.0,0.0,0.0,0.0,0.0,0.0,0.0,0.0,0.0,0.0,0.0,0.0,0.0,1.0,0.0,0.0,0.0,0.0,0.0,0.0,0.0,0.0,0.0,0.0,0.0
Lloyd Kelly,DF,Bournemouth,1998.0,23.0,17.0,1559.0,17.3,0.0,1.0,1.0,0.0,0.0,0.0,2.0,0.0,0.3,0.3,1.2,1.6,15.0,56.0,28.0,0.0,0.06,0.06,0.0,0.06,0.02,0.07,0.09,0.02,0.09
Omari Kellyman,FW,Aston Villa,2005.0,2.0,0.0,37.0,0.4,0.0,0.0,0.0,0.0,0.0,0.0,0.0,0.0,0.1,0.1,0.0,0.1,1.0,0.0,0.0,0.0,0.0,0.0,0.0,0.0,0.17,0.0,0.17,0.17,0.17
Milos Kerkez,DF,Bournemouth,2003.0,28.0,22.0,1970.0,21.9,0.0,1.0,1.0,0.0,0.0,0.0,4.0,1.0,1.2,1.2,0.8,2.0,46.0,44.0,93.0,0.0,0.05,0.05,0.0,0.05,0.06,0.04,0.09,0.06,0.09
Kaine Kesler-Hayden,"MF,DF",Aston Villa,2002.0,3.0,0.0,6.0,0.1,0.0,0.0,0.0,0.0,0.0,0.0,0.0,0.0,0.0,0.0,0.0,0.0,0.0,0.0,0.0,0.0,0.0,0.0,0.0,0.0,0.0,0.0,0.0,0.0,0.0
Max Kilman,DF,Wolves,1997.0,38.0,38.0,3420.0,38.0,2.0,0.0,2.0,2.0,0.0,0.0,7.0,0.0,1.8,1.8,1.4,3.2,22.0,117.0,5.0,0.05,0.0,0.05,0.05,0.05,0.05,0.04,0.08,0.05,0.08
Jakub Kiwior,DF,Arsenal,2000.0,20.0,11.0,946.0,10.5,1.0,3.0,4.0,1.0,0.0,0.0,1.0,0.0,0.8,0.8,0.9,1.7,4.0,55.0,16.0,0.1,0.29,0.38,0.1,0.38,0.08,0.09,0.16,0.08,0.16
Justin Kluivert,"MF,FW",Bournemouth,1999.0,32.0,26.0,1916.0,21.3,7.0,1.0,8.0,7.0,0.0,0.0,5.0,0.0,6.2,6.2,1.9,8.1,65.0,50.0,114.0,0.33,0.05,0.38,0.33,0.38,0.29,0.09,0.38,0.29,0.38
Luca Koleosho,"MF,FW",Burnley,2004.0,15.0,13.0,974.0,10.8,1.0,1.0,2.0,1.0,0.0,0.0,0.0,0.0,2.0,2.0,1.3,3.3,53.0,19.0,82.0,0.09,0.09,0.18,0.09,0.18,0.18,0.12,0.3,0.18,0.3
Ibrahima Konaté,DF,Liverpool,1999.0,22.0,17.0,1574.0,17.5,0.0,0.0,0.0,0.0,0.0,0.0,5.0,1.0,0.7,0.7,0.4,1.1,24.0,118.0,3.0,0.0,0.0,0.0,0.0,0.0,0.04,0.02,0.06,0.04,0.06
Ezri Konsa,DF,Aston Villa,1997.0,35.0,35.0,3069.0,34.1,1.0,0.0,1.0,1.0,0.0,0.0,5.0,0.0,2.5,2.5,0.5,3.0,37.0,136.0,33.0,0.03,0.0,0.03,0.03,0.03,0.07,0.02,0.09,0.07,0.09
Cheikhou Kouyaté,MF,Nott'ham Forest,1989.0,12.0,2.0,212.0,2.4,0.0,0.0,0.0,0.0,0.0,0.0,2.0,0.0,0.3,0.3,0.0,0.3,0.0,5.0,5.0,0.0,0.0,0.0,0.0,0.0,0.12,0.02,0.14,0.12,0.14
Mateo Kovačić,MF,Manchester City,1994.0,30.0,16.0,1551.0,17.2,1.0,0.0,1.0,1.0,0.0,0.0,4.0,0.0,1.3,1.3,1.6,2.9,37.0,100.0,38.0,0.06,0.0,0.06,0.06,0.06,0.07,0.09,0.17,0.07,0.17
Emil Krafth,DF,Newcastle Utd,1994.0,17.0,8.0,913.0,10.1,0.0,0.0,0.0,0.0,0.0,0.0,2.0,0.0,0.2,0.2,1.0,1.2,12.0,29.0,33.0,0.0,0.0,0.0,0.0,0.0,0.02,0.1,0.12,0.02,0.12
Mohammed Kudus,"FW,MF",West Ham,2000.0,33.0,27.0,2484.0,27.6,8.0,6.0,14.0,8.0,0.0,0.0,6.0,0.0,5.1,5.1,3.5,8.6,117.0,80.0,216.0,0.29,0.22,0.51,0.29,0.51,0.19,0.13,0.31,0.19,0.31
Dejan Kulusevski,"FW,MF",Tottenham,2000.0,36.0,31.0,2762.0,30.7,8.0,3.0,11.0,8.0,0.0,0.0,7.0,0.0,4.7,4.7,7.7,12.4,151.0,144.0,388.0,0.26,0.1,0.36,0.26,0.36,0.15,0.25,0.4,0.15,0.4
Adam Lallana,"MF,FW",Brighton,1988.0,25.0,13.0,850.0,9.4,0.0,1.0,1.0,0.0,0.0,0.0,2.0,0.0,0.8,0.8,1.7,2.5,9.0,39.0,55.0,0.0,0.11,0.11,0.0,0.11,0.09,0.18,0.27,0.09,0.27
Tariq Lamptey,"DF,FW",Brighton,2000.0,19.0,10.0,914.0,10.2,0.0,3.0,3.0,0.0,0.0,0.0,3.0,0.0,0.4,0.4,1.2,1.7,39.0,17.0,64.0,0.0,0.3,0.3,0.0,0.3,0.04,0.12,0.16,0.04,0.16
Aymeric Laporte,DF,Manchester City,1994.0,1.0,0.0,12.0,0.1,0.0,0.0,0.0,0.0,0.0,0.0,0.0,0.0,0.0,0.0,0.0,0.0,0.0,0.0,0.0,0.0,0.0,0.0,0.0,0.0,0.27,0.0,0.27,0.27,0.27
Yasser Larouci,DF,Sheffield Utd,2001.0,11.0,6.0,531.0,5.9,0.0,0.0,0.0,0.0,0.0,0.0,1.0,0.0,0.2,0.2,0.3,0.5,18.0,14.0,12.0,0.0,0.0,0.0,0.0,0.0,0.04,0.05,0.09,0.04,0.09
Jamaal Lascelles,DF,Newcastle Utd,1993.0,16.0,13.0,1080.0,12.0,1.0,0.0,1.0,1.0,0.0,0.0,4.0,0.0,0.7,0.7,0.1,0.8,8.0,31.0,3.0,0.08,0.0,0.08,0.08,0.08,0.06,0.01,0.07,0.06,0.07
Roméo Lavia,MF,Chelsea,2004.0,1.0,0.0,33.0,0.4,0.0,0.0,0.0,0.0,0.0,0.0,0.0,0.0,0.0,0.0,0.0,0.0,0.0,1.0,0.0,0.0,0.0,0.0,0.0,0.0,0.0,0.0,0.0,0.0,0.0
Player,Pos,Squad,,,,,,,,,,,,,,,,,,,,,,,,,,,,,,
Mario Lemina,MF,Wolves,1993.0,35.0,34.0,2968.0,33.0,4.0,1.0,5.0,4.0,0.0,0.0,12.0,1.0,4.6,4.6,1.5,6.2,32.0,76.0,49.0,0.12,0.03,0.15,0.12,0.15,0.14,0.05,0.19,0.14,0.19
Clément Lenglet,DF,Aston Villa,1995.0,14.0,14.0,1153.0,12.8,0.0,1.0,1.0,0.0,0.0,0.0,3.0,0.0,0.9,0.9,0.8,1.6,26.0,51.0,1.0,0.0,0.08,0.08,0.0,0.08,0.07,0.06,0.13,0.07,0.13
Bernd Leno,GK,Fulham,1992.0,38.0,38.0,3420.0,38.0,0.0,0.0,0.0,0.0,0.0,0.0,3.0,0.0,0.0,0.0,0.0,0.0,0.0,0.0,0.0,0.0,0.0,0.0,0.0,0.0,0.0,0.0,0.0,0.0,0.0
Jefferson Lerma,"MF,DF",Crystal Palace,1994.0,28.0,27.0,2400.0,26.7,1.0,1.0,2.0,1.0,0.0,0.0,8.0,0.0,2.7,2.7,2.2,4.8,14.0,106.0,51.0,0.04,0.04,0.07,0.04,0.07,0.1,0.08,0.18,0.1,0.18
Rico Lewis,"DF,MF",Manchester City,2004.0,16.0,8.0,809.0,9.0,2.0,0.0,2.0,2.0,0.0,0.0,1.0,0.0,0.6,0.6,1.1,1.8,21.0,33.0,46.0,0.22,0.0,0.22,0.22,0.22,0.07,0.12,0.19,0.07,0.19
Keane Lewis-Potter,"FW,DF",Brentford,2001.0,30.0,15.0,1441.0,16.0,3.0,1.0,4.0,3.0,0.0,0.0,0.0,0.0,6.3,6.3,1.7,8.0,56.0,32.0,135.0,0.19,0.06,0.25,0.19,0.25,0.39,0.11,0.5,0.39,0.5
Victor Lindelöf,DF,Manchester Utd,1994.0,19.0,14.0,1328.0,14.8,1.0,1.0,2.0,1.0,0.0,0.0,2.0,0.0,0.8,0.8,0.3,1.1,17.0,40.0,17.0,0.07,0.07,0.14,0.07,0.14,0.05,0.02,0.07,0.05,0.07
Valentino Livramento,DF,Newcastle Utd,2002.0,26.0,12.0,1314.0,14.6,1.0,0.0,1.0,1.0,0.0,0.0,1.0,0.0,0.4,0.4,0.8,1.2,44.0,61.0,76.0,0.07,0.0,0.07,0.07,0.07,0.03,0.05,0.08,0.03,0.08
Giovani Lo Celso,MF,Tottenham,1996.0,22.0,4.0,506.0,5.6,2.0,2.0,4.0,2.0,0.0,0.0,2.0,0.0,0.6,0.6,1.9,2.5,25.0,68.0,29.0,0.36,0.36,0.71,0.36,0.71,0.1,0.34,0.45,0.1,0.45
Tom Lockyer,DF,Luton Town,1994.0,14.0,14.0,1169.0,13.0,1.0,1.0,2.0,1.0,0.0,0.0,4.0,0.0,1.1,1.1,0.6,1.7,6.0,37.0,2.0,0.08,0.08,0.15,0.08,0.15,0.08,0.05,0.13,0.08,0.13
Sean Longstaff,MF,Newcastle Utd,1997.0,35.0,30.0,2747.0,30.5,6.0,2.0,8.0,6.0,0.0,0.0,7.0,0.0,6.7,6.7,2.3,9.0,24.0,145.0,116.0,0.2,0.07,0.26,0.2,0.26,0.22,0.07,0.29,0.22,0.29
Max Lowe,"DF,MF",Sheffield Utd,1997.0,10.0,4.0,503.0,5.6,0.0,0.0,0.0,0.0,0.0,0.0,1.0,0.0,0.6,0.6,0.7,1.3,5.0,12.0,11.0,0.0,0.0,0.0,0.0,0.0,0.1,0.13,0.23,0.1,0.23
Douglas Luiz,MF,Aston Villa,1998.0,35.0,35.0,2993.0,33.3,9.0,5.0,14.0,5.0,4.0,4.0,12.0,0.0,6.9,3.8,5.4,9.2,60.0,168.0,50.0,0.27,0.15,0.42,0.15,0.3,0.21,0.16,0.37,0.11,0.28
Saša Lukić,MF,Fulham,1996.0,24.0,13.0,1122.0,12.5,1.0,0.0,1.0,1.0,0.0,0.0,3.0,0.0,1.6,1.6,0.8,2.4,12.0,43.0,27.0,0.08,0.0,0.08,0.08,0.08,0.13,0.06,0.19,0.13,0.19
Ian Maatsen,"FW,MF",Chelsea,2002.0,12.0,1.0,209.0,2.3,0.0,0.0,0.0,0.0,0.0,0.0,1.0,0.0,0.8,0.8,0.1,0.9,9.0,8.0,15.0,0.0,0.0,0.0,0.0,0.0,0.35,0.04,0.39,0.35,0.39
Alexis Mac Allister,MF,Liverpool,1998.0,33.0,31.0,2599.0,28.9,5.0,5.0,10.0,4.0,1.0,1.0,7.0,1.0,3.7,2.9,3.6,6.4,44.0,209.0,48.0,0.17,0.17,0.35,0.14,0.31,0.13,0.12,0.25,0.1,0.22
James Maddison,MF,Tottenham,1996.0,28.0,26.0,2135.0,23.7,4.0,9.0,13.0,4.0,0.0,0.0,5.0,0.0,6.4,6.4,5.9,12.4,58.0,224.0,156.0,0.17,0.38,0.55,0.17,0.55,0.27,0.25,0.52,0.27,0.52
Noni Madueke,FW,Chelsea,2002.0,23.0,13.0,1053.0,11.7,5.0,2.0,7.0,4.0,1.0,1.0,2.0,0.0,2.5,1.7,2.6,4.3,76.0,52.0,136.0,0.43,0.17,0.6,0.34,0.51,0.21,0.23,0.44,0.14,0.37
Gabriel Magalhães,DF,Arsenal,1997.0,36.0,34.0,3044.0,33.8,4.0,0.0,4.0,4.0,0.0,0.0,4.0,0.0,4.3,4.3,0.7,5.0,13.0,117.0,8.0,0.12,0.0,0.12,0.12,0.12,0.13,0.02,0.15,0.13,0.15
Harry Maguire,DF,Manchester Utd,1993.0,22.0,18.0,1653.0,18.4,2.0,2.0,4.0,2.0,0.0,0.0,4.0,0.0,2.0,2.0,1.2,3.3,20.0,73.0,2.0,0.11,0.11,0.22,0.11,0.22,0.11,0.07,0.18,0.11,0.18
Kobbie Mainoo,MF,Manchester Utd,2005.0,24.0,24.0,1924.0,21.4,3.0,1.0,4.0,3.0,0.0,0.0,3.0,0.0,0.9,0.9,0.7,1.6,25.0,64.0,36.0,0.14,0.05,0.19,0.14,0.19,0.04,0.03,0.07,0.04,0.07
Orel Mangala,MF,Nott'ham Forest,1998.0,20.0,19.0,1563.0,17.4,1.0,0.0,1.0,1.0,0.0,0.0,6.0,0.0,0.8,0.8,0.2,1.1,13.0,45.0,14.0,0.06,0.0,0.06,0.06,0.06,0.05,0.01,0.06,0.05,0.06
Benson Manuel,"MF,FW",Burnley,1997.0,8.0,1.0,116.0,1.3,0.0,0.0,0.0,0.0,0.0,0.0,0.0,0.0,0.1,0.1,0.0,0.1,5.0,2.0,14.0,0.0,0.0,0.0,0.0,0.0,0.05,0.03,0.08,0.05,0.08
Solly March,"FW,DF",Brighton,1994.0,7.0,7.0,554.0,6.2,3.0,1.0,4.0,3.0,0.0,0.0,1.0,0.0,2.0,2.0,1.0,2.9,14.0,24.0,44.0,0.49,0.16,0.65,0.49,0.65,0.32,0.16,0.47,0.32,0.47
Anthony Martial,FW,Manchester Utd,1995.0,13.0,5.0,448.0,5.0,1.0,0.0,1.0,1.0,0.0,0.0,0.0,0.0,1.2,1.2,0.2,1.5,6.0,12.0,36.0,0.2,0.0,0.2,0.2,0.2,0.25,0.05,0.29,0.25,0.29
Player,Pos,Squad,,,,,,,,,,,,,,,,,,,,,,,,,,,,,,
Gabriel Martinelli,FW,Arsenal,2001.0,35.0,24.0,2019.0,22.4,6.0,4.0,10.0,6.0,0.0,0.0,1.0,0.0,6.8,6.8,6.1,12.9,127.0,65.0,345.0,0.27,0.18,0.45,0.27,0.45,0.31,0.27,0.58,0.31,0.58
Emiliano Martínez,GK,Aston Villa,1992.0,34.0,34.0,3015.0,33.5,0.0,0.0,0.0,0.0,0.0,0.0,4.0,0.0,0.0,0.0,0.0,0.0,0.0,2.0,0.0,0.0,0.0,0.0,0.0,0.0,0.0,0.0,0.0,0.0,0.0
Lisandro Martínez,DF,Manchester Utd,1998.0,11.0,8.0,646.0,7.2,0.0,1.0,1.0,0.0,0.0,0.0,3.0,0.0,0.0,0.0,0.1,0.1,8.0,28.0,1.0,0.0,0.14,0.14,0.0,0.14,0.0,0.01,0.01,0.0,0.01
Han-Noah Massengo,"MF,DF",Burnley,2001.0,3.0,0.0,16.0,0.2,0.0,0.0,0.0,0.0,0.0,0.0,0.0,0.0,0.0,0.0,0.0,0.0,2.0,0.0,0.0,0.0,0.0,0.0,0.0,0.0,0.0,0.0,0.0,0.0,0.0
Pape Matar Sarr,MF,Tottenham,2002.0,34.0,27.0,2069.0,23.0,3.0,3.0,6.0,3.0,0.0,0.0,9.0,0.0,3.4,3.4,2.2,5.7,43.0,150.0,90.0,0.13,0.13,0.26,0.13,0.26,0.15,0.1,0.25,0.15,0.25
Jean-Philippe Mateta,FW,Crystal Palace,1997.0,35.0,25.0,2282.0,25.4,16.0,5.0,21.0,14.0,2.0,2.0,3.0,0.0,10.9,9.4,3.1,12.5,29.0,25.0,135.0,0.63,0.2,0.83,0.55,0.75,0.43,0.12,0.56,0.37,0.49
Joël Matip,DF,Liverpool,1991.0,10.0,9.0,781.0,8.7,0.0,0.0,0.0,0.0,0.0,0.0,2.0,0.0,0.5,0.5,0.1,0.6,8.0,34.0,1.0,0.0,0.0,0.0,0.0,0.0,0.06,0.01,0.06,0.06,0.06
Alex Matos,MF,Chelsea,2004.0,1.0,0.0,1.0,0.0,0.0,0.0,0.0,0.0,0.0,0.0,0.0,0.0,0.0,0.0,0.0,0.0,0.0,0.0,0.0,0.0,0.0,0.0,0.0,0.0,0.0,0.0,0.0,0.0,0.0
Remi Matthews,GK,Crystal Palace,1994.0,1.0,0.0,4.0,0.0,0.0,0.0,0.0,0.0,0.0,0.0,0.0,0.0,0.0,0.0,0.0,0.0,0.0,0.0,0.0,0.0,0.0,0.0,0.0,0.0,0.0,0.0,0.0,0.0,0.0
Neal Maupay,FW,Brentford,1996.0,29.0,13.0,1321.0,14.7,6.0,3.0,9.0,6.0,0.0,0.0,8.0,0.0,5.7,5.7,2.3,8.1,21.0,37.0,91.0,0.41,0.2,0.61,0.41,0.61,0.39,0.16,0.55,0.39,0.55
Neal Maupay,FW,Everton,1996.0,2.0,1.0,111.0,1.2,0.0,0.0,0.0,0.0,0.0,0.0,0.0,0.0,1.4,1.4,0.1,1.5,1.0,0.0,6.0,0.0,0.0,0.0,0.0,0.0,1.16,0.05,1.22,1.16,1.22
Konstantinos Mavropanos,DF,West Ham,1997.0,19.0,16.0,1500.0,16.7,1.0,0.0,1.0,1.0,0.0,0.0,2.0,0.0,1.2,1.2,0.2,1.4,10.0,38.0,2.0,0.06,0.0,0.06,0.06,0.06,0.07,0.01,0.08,0.07,0.08
Bryan Mbeumo,FW,Brentford,1999.0,25.0,22.0,1960.0,21.8,9.0,6.0,15.0,6.0,3.0,3.0,2.0,0.0,9.8,7.4,4.6,12.1,74.0,88.0,195.0,0.41,0.28,0.69,0.28,0.55,0.45,0.21,0.66,0.34,0.55
James Mcatee,"MF,FW",Sheffield Utd,2002.0,30.0,20.0,1822.0,20.2,3.0,3.0,6.0,2.0,1.0,1.0,2.0,0.0,3.1,2.3,2.9,5.2,55.0,51.0,110.0,0.15,0.15,0.3,0.1,0.25,0.15,0.15,0.3,0.11,0.26
James Mcatee,MF,Manchester City,2002.0,1.0,0.0,1.0,0.0,0.0,0.0,0.0,0.0,0.0,0.0,0.0,0.0,0.0,0.0,0.0,0.0,0.0,0.0,0.0,0.0,0.0,0.0,0.0,0.0,0.0,0.0,0.0,0.0,0.0
Oliver McBurnie,FW,Sheffield Utd,1996.0,21.0,15.0,1280.0,14.2,6.0,3.0,9.0,4.0,2.0,2.0,7.0,2.0,6.9,5.3,2.0,7.3,6.0,30.0,60.0,0.42,0.21,0.63,0.28,0.49,0.48,0.14,0.62,0.37,0.51
James McConnell,MF,Liverpool,2004.0,3.0,0.0,4.0,0.0,0.0,0.0,0.0,0.0,0.0,0.0,0.0,0.0,0.0,0.0,0.0,0.0,0.0,1.0,0.0,0.0,0.0,0.0,0.0,0.0,0.0,0.0,0.0,0.0,0.0
John McGinn,"MF,FW",Aston Villa,1994.0,35.0,35.0,2999.0,33.3,6.0,4.0,10.0,6.0,0.0,0.0,9.0,1.0,5.0,5.0,4.6,9.6,59.0,189.0,84.0,0.18,0.12,0.3,0.18,0.3,0.15,0.14,0.29,0.15,0.29
Scott McKenna,DF,Nott'ham Forest,1996.0,5.0,5.0,416.0,4.6,0.0,0.0,0.0,0.0,0.0,0.0,0.0,0.0,0.2,0.2,0.2,0.4,1.0,10.0,0.0,0.0,0.0,0.0,0.0,0.0,0.05,0.04,0.08,0.05,0.08
Dwight McNeil,"MF,FW",Everton,1999.0,35.0,33.0,2892.0,32.1,3.0,6.0,9.0,3.0,0.0,0.0,2.0,0.0,3.4,3.4,8.8,12.2,80.0,114.0,147.0,0.09,0.19,0.28,0.09,0.28,0.11,0.27,0.38,0.11,0.38
Scott McTominay,"MF,FW",Manchester Utd,1996.0,32.0,18.0,1901.0,21.1,7.0,1.0,8.0,7.0,0.0,0.0,2.0,0.0,5.7,5.7,0.8,6.6,29.0,64.0,47.0,0.33,0.05,0.38,0.33,0.38,0.27,0.04,0.31,0.27,0.31
Ben Mee,DF,Brentford,1989.0,16.0,15.0,1272.0,14.1,2.0,0.0,2.0,2.0,0.0,0.0,1.0,1.0,1.5,1.5,0.3,1.8,11.0,49.0,9.0,0.14,0.0,0.14,0.14,0.14,0.1,0.02,0.13,0.1,0.13
Hannibal Mejbri,"MF,FW",Manchester Utd,2003.0,5.0,1.0,133.0,1.5,1.0,0.0,1.0,1.0,0.0,0.0,1.0,0.0,0.0,0.0,0.4,0.4,2.0,6.0,10.0,0.68,0.0,0.68,0.68,0.68,0.02,0.25,0.27,0.02,0.27
Teden Mengi,DF,Luton Town,2002.0,30.0,28.0,2469.0,27.4,1.0,0.0,1.0,1.0,0.0,0.0,3.0,0.0,0.6,0.6,0.3,0.9,15.0,54.0,1.0,0.04,0.0,0.04,0.04,0.04,0.02,0.01,0.03,0.02,0.03
Chris Mepham,DF,Bournemouth,1997.0,10.0,6.0,617.0,6.9,0.0,1.0,1.0,0.0,0.0,0.0,2.0,0.0,0.1,0.1,0.4,0.5,4.0,25.0,1.0,0.0,0.15,0.15,0.0,0.15,0.01,0.06,0.07,0.01,0.07
Player,Pos,Squad,,,,,,,,,,,,,,,,,,,,,,,,,,,,,,
Lewis Miley,MF,Newcastle Utd,2006.0,17.0,14.0,1202.0,13.4,1.0,3.0,4.0,1.0,0.0,0.0,1.0,0.0,1.2,1.2,1.7,2.9,14.0,53.0,54.0,0.07,0.22,0.3,0.07,0.3,0.09,0.13,0.22,0.09,0.22
James Milner,"DF,MF",Brighton,1986.0,15.0,11.0,773.0,8.6,0.0,2.0,2.0,0.0,0.0,0.0,3.0,0.0,0.3,0.3,1.8,2.0,11.0,69.0,73.0,0.0,0.23,0.23,0.0,0.23,0.03,0.21,0.24,0.03,0.24
Tyrone Mings,DF,Aston Villa,1993.0,1.0,1.0,30.0,0.3,0.0,0.0,0.0,0.0,0.0,0.0,0.0,0.0,0.0,0.0,0.0,0.0,0.0,0.0,0.0,0.0,0.0,0.0,0.0,0.0,0.02,0.07,0.09,0.02,0.09
Tyrick Mitchell,"DF,MF",Crystal Palace,1999.0,37.0,37.0,3204.0,35.6,2.0,3.0,5.0,2.0,0.0,0.0,6.0,0.0,1.6,1.6,2.8,4.4,32.0,94.0,159.0,0.06,0.08,0.14,0.06,0.14,0.04,0.08,0.12,0.04,0.12
Kaoru Mitoma,FW,Brighton,1997.0,19.0,15.0,1486.0,16.5,3.0,4.0,7.0,3.0,0.0,0.0,4.0,0.0,3.5,3.5,2.7,6.2,121.0,64.0,239.0,0.18,0.24,0.42,0.18,0.42,0.21,0.16,0.37,0.21,0.37
Aleksandar Mitrović,FW,Fulham,1994.0,1.0,0.0,33.0,0.4,0.0,0.0,0.0,0.0,0.0,0.0,0.0,0.0,0.2,0.2,0.0,0.2,0.0,1.0,0.0,0.0,0.0,0.0,0.0,0.0,0.44,0.0,0.44,0.44,0.44
Jakub Moder,"MF,DF",Brighton,1999.0,17.0,6.0,618.0,6.9,0.0,0.0,0.0,0.0,0.0,0.0,2.0,0.0,0.6,0.6,0.8,1.3,10.0,23.0,26.0,0.0,0.0,0.0,0.0,0.0,0.08,0.11,0.2,0.08,0.2
Gonzalo Montiel,DF,Nott'ham Forest,1997.0,14.0,8.0,801.0,8.9,0.0,2.0,2.0,0.0,0.0,0.0,5.0,0.0,0.1,0.1,1.4,1.5,10.0,28.0,32.0,0.0,0.22,0.22,0.0,0.22,0.01,0.15,0.17,0.01,0.17
Kieffer Moore,"FW,MF",Bournemouth,1992.0,8.0,0.0,108.0,1.2,1.0,0.0,1.0,1.0,0.0,0.0,0.0,0.0,1.5,1.5,0.2,1.7,2.0,4.0,15.0,0.83,0.0,0.83,0.83,0.83,1.23,0.2,1.44,1.23,1.44
Mikey Moore,MF,Tottenham,2007.0,2.0,0.0,4.0,0.0,0.0,0.0,0.0,0.0,0.0,0.0,0.0,0.0,0.0,0.0,0.0,0.0,2.0,1.0,2.0,0.0,0.0,0.0,0.0,0.0,0.0,0.0,0.0,0.0,0.0
Álex Moreno,DF,Aston Villa,1993.0,21.0,11.0,1031.0,11.5,2.0,0.0,2.0,2.0,0.0,0.0,2.0,0.0,1.1,1.1,1.1,2.3,32.0,24.0,83.0,0.17,0.0,0.17,0.17,0.17,0.1,0.1,0.2,0.1,0.2
Carlton Morris,"FW,MF",Luton Town,1995.0,38.0,32.0,2862.0,31.8,11.0,4.0,15.0,6.0,5.0,5.0,4.0,0.0,11.4,7.5,2.8,10.2,37.0,56.0,120.0,0.35,0.13,0.47,0.19,0.31,0.36,0.09,0.45,0.23,0.32
Mason Mount,"MF,FW",Manchester Utd,1999.0,14.0,5.0,516.0,5.7,1.0,0.0,1.0,1.0,0.0,0.0,2.0,0.0,0.4,0.4,0.3,0.7,9.0,21.0,34.0,0.17,0.0,0.17,0.17,0.17,0.07,0.06,0.13,0.07,0.13
Divin Mubama,FW,West Ham,2004.0,5.0,0.0,80.0,0.9,0.0,0.0,0.0,0.0,0.0,0.0,0.0,0.0,0.1,0.1,0.0,0.1,0.0,0.0,5.0,0.0,0.0,0.0,0.0,0.0,0.17,0.0,0.17,0.17,0.17
Mykhailo Mudryk,FW,Chelsea,2001.0,31.0,18.0,1576.0,17.5,5.0,2.0,7.0,5.0,0.0,0.0,5.0,0.0,4.4,4.4,4.1,8.5,92.0,45.0,139.0,0.29,0.11,0.4,0.29,0.4,0.25,0.23,0.48,0.25,0.48
Rodrigo Muniz,FW,Fulham,2001.0,26.0,18.0,1593.0,17.7,9.0,1.0,10.0,9.0,0.0,0.0,1.0,0.0,8.7,8.7,2.0,10.7,8.0,19.0,76.0,0.51,0.06,0.56,0.51,0.56,0.49,0.12,0.61,0.49,0.61
Daniel Muñoz,"DF,MF",Crystal Palace,1996.0,16.0,16.0,1439.0,16.0,0.0,4.0,4.0,0.0,0.0,0.0,4.0,0.0,1.2,1.2,2.4,3.7,25.0,38.0,80.0,0.0,0.25,0.25,0.0,0.25,0.08,0.15,0.23,0.08,0.23
Finley Munroe,MF,Aston Villa,2005.0,1.0,0.0,4.0,0.0,0.0,0.0,0.0,0.0,0.0,0.0,0.0,0.0,0.0,0.0,0.0,0.0,0.0,0.0,0.0,0.0,0.0,0.0,0.0,0.0,0.0,0.0,0.0,0.0,0.0
Arijanet Muric,GK,Burnley,1998.0,10.0,10.0,900.0,10.0,0.0,0.0,0.0,0.0,0.0,0.0,0.0,0.0,0.0,0.0,0.2,0.2,0.0,1.0,0.0,0.0,0.0,0.0,0.0,0.0,0.0,0.02,0.02,0.0,0.02
Murillo,DF,Nott'ham Forest,2002.0,32.0,32.0,2789.0,31.0,0.0,2.0,2.0,0.0,0.0,0.0,5.0,0.0,1.8,1.8,1.2,3.0,22.0,89.0,7.0,0.0,0.06,0.06,0.0,0.06,0.06,0.04,0.1,0.06,0.1
Alex Murphy,"DF,FW",Newcastle Utd,2004.0,2.0,0.0,13.0,0.1,0.0,0.0,0.0,0.0,0.0,0.0,0.0,0.0,0.0,0.0,0.0,0.0,0.0,1.0,0.0,0.0,0.0,0.0,0.0,0.0,0.0,0.0,0.0,0.0,0.0
Jacob Murphy,"FW,DF",Newcastle Utd,1995.0,21.0,14.0,1189.0,13.2,3.0,7.0,10.0,3.0,0.0,0.0,1.0,0.0,2.1,2.1,5.0,7.1,33.0,52.0,113.0,0.23,0.53,0.76,0.23,0.76,0.16,0.37,0.54,0.16,0.54
Vitaliy Mykolenko,DF,Everton,1999.0,28.0,28.0,2469.0,27.4,2.0,0.0,2.0,2.0,0.0,0.0,1.0,0.0,1.5,1.5,0.9,2.4,14.0,55.0,68.0,0.07,0.0,0.07,0.07,0.07,0.06,0.03,0.09,0.06,0.09
Marvelous Nakamba,MF,Luton Town,1994.0,13.0,13.0,1130.0,12.6,0.0,0.0,0.0,0.0,0.0,0.0,5.0,0.0,0.2,0.2,0.4,0.6,1.0,36.0,5.0,0.0,0.0,0.0,0.0,0.0,0.01,0.03,0.05,0.01,0.05
Michael Ndiweni,FW,Newcastle Utd,2003.0,1.0,0.0,1.0,0.0,0.0,0.0,0.0,0.0,0.0,0.0,0.0,0.0,0.0,0.0,0.0,0.0,0.0,0.0,0.0,0.0,0.0,0.0,0.0,0.0,0.0,0.0,0.0,0.0,0.0
Player,Pos,Squad,,,,,,,,,,,,,,,,,,,,,,,,,,,,,,
Reiss Nelson,FW,Arsenal,1999.0,15.0,1.0,268.0,3.0,0.0,0.0,0.0,0.0,0.0,0.0,1.0,0.0,0.2,0.2,0.6,0.8,9.0,5.0,26.0,0.0,0.0,0.0,0.0,0.0,0.07,0.2,0.27,0.07,0.27
Zack Nelson,"MF,DF",Luton Town,2004.0,2.0,0.0,7.0,0.1,0.0,0.0,0.0,0.0,0.0,0.0,0.0,0.0,0.0,0.0,0.0,0.0,0.0,0.0,0.0,0.0,0.0,0.0,0.0,0.0,0.0,0.0,0.0,0.0,0.0
Neto,GK,Bournemouth,1989.0,32.0,32.0,2880.0,32.0,0.0,0.0,0.0,0.0,0.0,0.0,5.0,0.0,0.0,0.0,0.0,0.0,0.0,0.0,0.0,0.0,0.0,0.0,0.0,0.0,0.0,0.0,0.0,0.0,0.0
Pedro Neto,"FW,MF",Wolves,2000.0,20.0,18.0,1516.0,16.8,2.0,9.0,11.0,2.0,0.0,0.0,4.0,0.0,3.5,3.5,4.4,7.9,98.0,54.0,149.0,0.12,0.53,0.65,0.12,0.65,0.21,0.26,0.47,0.21,0.47
Moussa Niakhate,DF,Nott'ham Forest,1996.0,21.0,15.0,1460.0,16.2,1.0,0.0,1.0,1.0,0.0,0.0,5.0,1.0,1.1,1.1,0.1,1.2,13.0,39.0,6.0,0.06,0.0,0.06,0.06,0.06,0.07,0.01,0.08,0.07,0.08
Eddie Nketiah,FW,Arsenal,1999.0,27.0,10.0,1082.0,12.0,5.0,2.0,7.0,5.0,0.0,0.0,3.0,0.0,4.5,4.5,0.8,5.4,22.0,20.0,77.0,0.42,0.17,0.58,0.42,0.58,0.38,0.07,0.45,0.38,0.45
Christopher Nkunku,"FW,MF",Chelsea,1997.0,11.0,2.0,443.0,4.9,3.0,0.0,3.0,3.0,0.0,0.0,0.0,0.0,2.3,2.3,0.2,2.5,10.0,19.0,35.0,0.61,0.0,0.61,0.61,0.61,0.47,0.05,0.52,0.47,0.52
Rhys Norrington-Davies,DF,Sheffield Utd,1999.0,5.0,2.0,110.0,1.2,0.0,0.0,0.0,0.0,0.0,0.0,1.0,0.0,0.0,0.0,0.0,0.0,3.0,2.0,6.0,0.0,0.0,0.0,0.0,0.0,0.0,0.01,0.01,0.0,0.01
Oliver Norwood,MF,Sheffield Utd,1991.0,27.0,16.0,1440.0,16.0,1.0,0.0,1.0,0.0,1.0,1.0,8.0,0.0,1.1,0.3,0.6,0.9,3.0,73.0,10.0,0.06,0.0,0.06,0.0,0.0,0.07,0.04,0.11,0.02,0.06
Matheus Nunes,MF,Wolves,1998.0,2.0,2.0,179.0,2.0,0.0,0.0,0.0,0.0,0.0,0.0,2.0,1.0,0.1,0.1,0.1,0.2,7.0,8.0,9.0,0.0,0.0,0.0,0.0,0.0,0.04,0.05,0.09,0.04,0.09
Matheus Nunes,MF,Manchester City,1998.0,17.0,7.0,661.0,7.3,0.0,2.0,2.0,0.0,0.0,0.0,0.0,0.0,0.8,0.8,1.1,2.0,28.0,34.0,58.0,0.0,0.27,0.27,0.0,0.27,0.11,0.15,0.27,0.11,0.27
Darwin Núñez,FW,Liverpool,1999.0,36.0,22.0,2047.0,22.7,11.0,8.0,19.0,11.0,0.0,1.0,9.0,0.0,16.3,15.5,6.0,21.5,58.0,54.0,206.0,0.48,0.35,0.84,0.48,0.84,0.72,0.27,0.98,0.68,0.95
Ethan Nwaneri,FW,Arsenal,2007.0,1.0,0.0,14.0,0.2,0.0,0.0,0.0,0.0,0.0,0.0,0.0,0.0,0.0,0.0,0.0,0.0,2.0,2.0,1.0,0.0,0.0,0.0,0.0,0.0,0.0,0.15,0.15,0.0,0.15
Christian Nørgaard,MF,Brentford,1994.0,31.0,30.0,2505.0,27.8,2.0,1.0,3.0,2.0,0.0,0.0,8.0,0.0,3.5,3.5,1.9,5.4,15.0,161.0,42.0,0.07,0.04,0.11,0.07,0.11,0.12,0.07,0.19,0.12,0.19
Mark O'Mahony,FW,Brighton,2005.0,3.0,1.0,63.0,0.7,0.0,0.0,0.0,0.0,0.0,0.0,1.0,0.0,0.1,0.1,0.0,0.1,0.0,0.0,0.0,0.0,0.0,0.0,0.0,0.0,0.08,0.0,0.08,0.08,0.08
Dara O'Shea,DF,Burnley,1999.0,33.0,32.0,2892.0,32.1,3.0,4.0,7.0,3.0,0.0,0.0,5.0,1.0,0.7,0.7,2.0,2.7,32.0,122.0,10.0,0.09,0.12,0.22,0.09,0.22,0.02,0.06,0.08,0.02,0.08
Michael Obafemi,"FW,MF",Burnley,2000.0,2.0,0.0,20.0,0.2,0.0,0.0,0.0,0.0,0.0,0.0,0.0,0.0,0.1,0.1,0.0,0.1,0.0,0.0,3.0,0.0,0.0,0.0,0.0,0.0,0.4,0.0,0.4,0.4,0.4
Wilson Odobert,"MF,FW",Burnley,2004.0,29.0,25.0,2098.0,23.3,3.0,2.0,5.0,3.0,0.0,0.0,3.0,0.0,2.8,2.8,3.3,6.1,102.0,58.0,123.0,0.13,0.09,0.21,0.13,0.21,0.12,0.14,0.26,0.12,0.26
Odeluga Offiah,DF,Brighton,2002.0,4.0,1.0,128.0,1.4,0.0,0.0,0.0,0.0,0.0,0.0,0.0,0.0,0.0,0.0,0.0,0.0,9.0,4.0,9.0,0.0,0.0,0.0,0.0,0.0,0.0,0.0,0.0,0.0,0.0
Chiedozie Ogbene,"MF,DF",Luton Town,1997.0,30.0,20.0,1995.0,22.2,4.0,1.0,5.0,4.0,0.0,0.0,1.0,0.0,4.2,4.2,3.1,7.4,127.0,53.0,150.0,0.18,0.05,0.23,0.18,0.23,0.19,0.14,0.33,0.19,0.33
Angelo Ogbonna,DF,West Ham,1988.0,11.0,7.0,635.0,7.1,0.0,0.0,0.0,0.0,0.0,0.0,1.0,0.0,0.0,0.0,0.0,0.0,2.0,4.0,0.0,0.0,0.0,0.0,0.0,0.0,0.01,0.0,0.01,0.01,0.01
Michael Olakigbe,"DF,FW",Brentford,2004.0,8.0,0.0,59.0,0.7,0.0,0.0,0.0,0.0,0.0,0.0,0.0,0.0,0.1,0.1,0.0,0.1,10.0,4.0,17.0,0.0,0.0,0.0,0.0,0.0,0.18,0.0,0.18,0.18,0.18
Michael Olise,"FW,MF",Crystal Palace,2001.0,19.0,14.0,1275.0,14.2,10.0,6.0,16.0,9.0,1.0,1.0,0.0,0.0,5.5,4.7,5.8,10.5,68.0,78.0,134.0,0.71,0.42,1.13,0.64,1.06,0.39,0.41,0.8,0.33,0.74
Robin Olsen,GK,Aston Villa,1990.0,5.0,4.0,405.0,4.5,0.0,0.0,0.0,0.0,0.0,0.0,0.0,0.0,0.0,0.0,0.0,0.0,0.0,0.0,0.0,0.0,0.0,0.0,0.0,0.0,0.0,0.0,0.0,0.0,0.0
Andrew Omobamidele,DF,Nott'ham Forest,2002.0,11.0,8.0,783.0,8.7,0.0,0.0,0.0,0.0,0.0,0.0,2.0,0.0,0.1,0.1,0.1,0.2,1.0,8.0,0.0,0.0,0.0,0.0,0.0,0.0,0.02,0.01,0.03,0.02,0.03
Player,Pos,Squad,,,,,,,,,,,,,,,,,,,,,,,,,,,,,,
Amadou Onana,MF,Everton,2001.0,30.0,23.0,2091.0,23.2,2.0,0.0,2.0,2.0,0.0,0.0,5.0,0.0,2.0,2.0,2.7,4.7,21.0,107.0,39.0,0.09,0.0,0.09,0.09,0.09,0.09,0.11,0.2,0.09,0.2
André Onana,GK,Manchester Utd,1996.0,38.0,38.0,3420.0,38.0,0.0,0.0,0.0,0.0,0.0,0.0,5.0,0.0,0.0,0.0,0.1,0.1,1.0,5.0,0.0,0.0,0.0,0.0,0.0,0.0,0.0,0.0,0.0,0.0,0.0
Ryan One,FW,Sheffield Utd,2006.0,1.0,0.0,8.0,0.1,0.0,0.0,0.0,0.0,0.0,0.0,0.0,0.0,0.0,0.0,0.0,0.0,1.0,0.0,0.0,0.0,0.0,0.0,0.0,0.0,0.0,0.0,0.0,0.0,0.0
Tyler Onyango,MF,Everton,2003.0,1.0,0.0,1.0,0.0,0.0,0.0,0.0,0.0,0.0,0.0,0.0,0.0,0.0,0.0,0.0,0.0,0.0,0.0,0.0,0.0,0.0,0.0,0.0,0.0,0.0,0.0,0.0,0.0,0.0
Fred Onyedinma,"DF,MF",Luton Town,1996.0,8.0,4.0,407.0,4.5,0.0,0.0,0.0,0.0,0.0,0.0,1.0,0.0,0.2,0.2,0.1,0.3,9.0,6.0,21.0,0.0,0.0,0.0,0.0,0.0,0.04,0.02,0.06,0.04,0.06
Frank Onyeka,MF,Brentford,1998.0,26.0,11.0,1161.0,12.9,1.0,2.0,3.0,1.0,0.0,0.0,8.0,0.0,2.2,2.2,1.8,4.0,17.0,33.0,39.0,0.08,0.16,0.23,0.08,0.23,0.17,0.14,0.31,0.17,0.31
Divock Origi,FW,Nott'ham Forest,1995.0,20.0,6.0,606.0,6.7,0.0,1.0,1.0,0.0,0.0,0.0,1.0,0.0,1.4,1.4,2.1,3.5,19.0,14.0,41.0,0.0,0.15,0.15,0.0,0.15,0.21,0.31,0.51,0.21,0.51
Stefan Ortega,GK,Manchester City,1992.0,9.0,5.0,635.0,7.1,0.0,0.0,0.0,0.0,0.0,0.0,0.0,0.0,0.0,0.0,0.0,0.0,0.0,0.0,0.0,0.0,0.0,0.0,0.0,0.0,0.0,0.0,0.0,0.0,0.0
Ben Osborn,"DF,MF",Sheffield Utd,1994.0,24.0,14.0,1367.0,15.2,0.0,2.0,2.0,0.0,0.0,0.0,3.0,0.0,0.2,0.2,0.9,1.1,16.0,55.0,44.0,0.0,0.13,0.13,0.0,0.13,0.01,0.06,0.07,0.01,0.07
Gabriel Osho,DF,Luton Town,1998.0,21.0,21.0,1846.0,20.5,2.0,0.0,2.0,2.0,0.0,0.0,3.0,0.0,1.1,1.1,0.1,1.2,10.0,37.0,4.0,0.1,0.0,0.1,0.1,0.1,0.05,0.01,0.06,0.05,0.06
William Osula,FW,Sheffield Utd,2003.0,21.0,9.0,786.0,8.7,0.0,0.0,0.0,0.0,0.0,0.0,4.0,0.0,1.6,1.6,0.1,1.7,7.0,2.0,41.0,0.0,0.0,0.0,0.0,0.0,0.19,0.01,0.2,0.19,0.2
Dango Ouattara,"FW,DF",Bournemouth,2002.0,30.0,12.0,1229.0,13.7,1.0,2.0,3.0,1.0,0.0,0.0,3.0,0.0,2.6,2.6,1.5,4.1,47.0,35.0,90.0,0.07,0.15,0.22,0.07,0.22,0.19,0.11,0.3,0.19,0.3
David Ozoh,"MF,DF",Crystal Palace,2005.0,9.0,0.0,156.0,1.7,0.0,0.0,0.0,0.0,0.0,0.0,1.0,0.0,0.0,0.0,0.0,0.0,2.0,4.0,3.0,0.0,0.0,0.0,0.0,0.0,0.0,0.0,0.0,0.0,0.0
João Palhinha,MF,Fulham,1995.0,33.0,31.0,2699.0,30.0,4.0,1.0,5.0,4.0,0.0,0.0,13.0,0.0,3.3,3.3,0.8,4.1,8.0,97.0,14.0,0.13,0.03,0.17,0.13,0.17,0.11,0.03,0.14,0.11,0.14
Cole Palmer,"FW,MF",Chelsea,2002.0,33.0,29.0,2607.0,29.0,22.0,11.0,33.0,13.0,9.0,9.0,7.0,0.0,18.2,11.1,11.1,22.2,117.0,197.0,195.0,0.76,0.38,1.14,0.45,0.83,0.63,0.38,1.01,0.38,0.77
Cole Palmer,MF,Manchester City,2002.0,1.0,0.0,11.0,0.1,0.0,0.0,0.0,0.0,0.0,0.0,0.0,0.0,0.0,0.0,0.0,0.0,0.0,0.0,0.0,0.0,0.0,0.0,0.0,0.0,0.0,0.0,0.0,0.0,0.0
Emerson Palmieri,DF,West Ham,1994.0,36.0,35.0,3137.0,34.9,1.0,2.0,3.0,1.0,0.0,0.0,10.0,0.0,1.5,1.5,2.4,3.9,59.0,125.0,124.0,0.03,0.06,0.09,0.03,0.09,0.04,0.07,0.11,0.04,0.11
Lucas Paquetá,"FW,MF",West Ham,1997.0,31.0,31.0,2622.0,29.1,4.0,6.0,10.0,2.0,2.0,2.0,10.0,0.0,5.4,3.8,5.4,9.2,34.0,187.0,116.0,0.14,0.21,0.34,0.07,0.27,0.18,0.18,0.37,0.13,0.32
Ben Parkinson,FW,Newcastle Utd,2005.0,1.0,0.0,25.0,0.3,0.0,0.0,0.0,0.0,0.0,0.0,0.0,0.0,0.0,0.0,0.0,0.0,0.0,0.0,0.0,0.0,0.0,0.0,0.0,0.0,0.0,0.0,0.0,0.0,0.0
Thomas Partey,"MF,DF",Arsenal,1993.0,14.0,9.0,788.0,8.8,0.0,0.0,0.0,0.0,0.0,0.0,3.0,0.0,0.4,0.4,0.3,0.7,15.0,72.0,10.0,0.0,0.0,0.0,0.0,0.0,0.05,0.03,0.08,0.05,0.08
Nathan Patterson,DF,Everton,2001.0,20.0,9.0,1005.0,11.2,0.0,2.0,2.0,0.0,0.0,0.0,4.0,0.0,0.3,0.3,1.7,2.0,17.0,38.0,39.0,0.0,0.18,0.18,0.0,0.18,0.03,0.15,0.18,0.03,0.18
Myles Peart-Harris,"DF,MF",Brentford,2002.0,3.0,0.0,13.0,0.1,0.0,0.0,0.0,0.0,0.0,0.0,0.0,0.0,0.0,0.0,0.0,0.0,2.0,1.0,1.0,0.0,0.0,0.0,0.0,0.0,0.0,0.12,0.12,0.0,0.12
Sydie Peck,MF,Sheffield Utd,2004.0,1.0,0.0,10.0,0.1,0.0,0.0,0.0,0.0,0.0,0.0,0.0,0.0,0.0,0.0,0.0,0.0,0.0,0.0,0.0,0.0,0.0,0.0,0.0,0.0,0.0,0.0,0.0,0.0,0.0
Facundo Pellistri,"FW,MF",Manchester Utd,2001.0,9.0,1.0,172.0,1.9,0.0,1.0,1.0,0.0,0.0,0.0,0.0,0.0,0.7,0.7,0.1,0.8,6.0,6.0,31.0,0.0,0.52,0.52,0.0,0.52,0.38,0.05,0.43,0.38,0.43
Andreas Pereira,MF,Fulham,1996.0,37.0,34.0,2613.0,29.0,3.0,7.0,10.0,3.0,0.0,0.0,6.0,0.0,4.6,4.6,7.1,11.7,56.0,138.0,125.0,0.1,0.24,0.34,0.1,0.34,0.16,0.24,0.4,0.16,0.4
Player,Pos,Squad,,,,,,,,,,,,,,,,,,,,,,,,,,,,,,
Ivan Perišić,FW,Tottenham,1989.0,5.0,0.0,103.0,1.1,0.0,1.0,1.0,0.0,0.0,0.0,2.0,0.0,0.1,0.1,0.9,1.0,15.0,9.0,17.0,0.0,0.87,0.87,0.0,0.87,0.1,0.75,0.85,0.1,0.85
Đorđe Petrović,GK,Chelsea,1999.0,23.0,22.0,1987.0,22.1,0.0,0.0,0.0,0.0,0.0,0.0,2.0,0.0,0.0,0.0,0.0,0.0,0.0,1.0,0.0,0.0,0.0,0.0,0.0,0.0,0.0,0.0,0.0,0.0,0.0
Kalvin Phillips,MF,West Ham,1995.0,8.0,3.0,309.0,3.4,0.0,0.0,0.0,0.0,0.0,0.0,3.0,1.0,0.1,0.1,0.0,0.1,3.0,19.0,4.0,0.0,0.0,0.0,0.0,0.0,0.02,0.0,0.02,0.02,0.02
Kalvin Phillips,MF,Manchester City,1995.0,4.0,0.0,93.0,1.0,0.0,0.0,0.0,0.0,0.0,0.0,0.0,0.0,0.1,0.1,0.0,0.1,7.0,7.0,3.0,0.0,0.0,0.0,0.0,0.0,0.07,0.0,0.07,0.07,0.07
Jaden Philogene Bidace,FW,Aston Villa,2002.0,1.0,0.0,4.0,0.0,0.0,0.0,0.0,0.0,0.0,0.0,0.0,0.0,0.0,0.0,0.0,0.0,2.0,0.0,1.0,0.0,0.0,0.0,0.0,0.0,0.0,0.0,0.0,0.0,0.0
Jordan Pickford,GK,Everton,1994.0,38.0,38.0,3420.0,38.0,0.0,0.0,0.0,0.0,0.0,0.0,5.0,0.0,0.0,0.0,0.1,0.1,1.0,6.0,0.0,0.0,0.0,0.0,0.0,0.0,0.0,0.0,0.0,0.0,0.0
Ethan Pinnock,DF,Brentford,1993.0,29.0,28.0,2521.0,28.0,2.0,0.0,2.0,2.0,0.0,0.0,1.0,0.0,2.0,2.0,1.0,3.0,11.0,61.0,16.0,0.07,0.0,0.07,0.07,0.07,0.07,0.04,0.11,0.07,0.11
Nick Pope,GK,Newcastle Utd,1992.0,15.0,15.0,1345.0,14.9,0.0,0.0,0.0,0.0,0.0,0.0,1.0,0.0,0.0,0.0,0.0,0.0,0.0,0.0,0.0,0.0,0.0,0.0,0.0,0.0,0.0,0.0,0.0,0.0,0.0
Pedro Porro,DF,Tottenham,1999.0,35.0,35.0,3089.0,34.3,3.0,7.0,10.0,3.0,0.0,0.0,3.0,0.0,2.9,2.9,7.2,10.1,57.0,194.0,158.0,0.09,0.2,0.29,0.09,0.29,0.09,0.21,0.3,0.09,0.3
Jarell Quansah,DF,Liverpool,2003.0,17.0,13.0,1190.0,13.2,2.0,0.0,2.0,2.0,0.0,0.0,1.0,0.0,1.0,1.0,0.1,1.1,13.0,67.0,1.0,0.15,0.0,0.15,0.15,0.15,0.08,0.01,0.08,0.08,0.08
Ionuț Radu,GK,Bournemouth,1997.0,2.0,2.0,180.0,2.0,0.0,0.0,0.0,0.0,0.0,0.0,0.0,0.0,0.0,0.0,0.0,0.0,0.0,0.0,0.0,0.0,0.0,0.0,0.0,0.0,0.0,0.0,0.0,0.0,0.0
Jesurun Rak Sakyi,"MF,FW",Crystal Palace,2002.0,6.0,0.0,136.0,1.5,0.0,0.0,0.0,0.0,0.0,0.0,0.0,0.0,0.4,0.4,0.2,0.6,7.0,2.0,18.0,0.0,0.0,0.0,0.0,0.0,0.28,0.1,0.38,0.28,0.38
Aaron Ramsdale,GK,Arsenal,1998.0,6.0,6.0,540.0,6.0,0.0,0.0,0.0,0.0,0.0,0.0,0.0,0.0,0.0,0.0,0.0,0.0,0.0,2.0,0.0,0.0,0.0,0.0,0.0,0.0,0.0,0.0,0.0,0.0,0.0
Aaron Ramsey,"MF,FW",Burnley,2003.0,14.0,5.0,527.0,5.9,0.0,0.0,0.0,0.0,0.0,0.0,1.0,0.0,0.3,0.3,0.4,0.7,8.0,8.0,17.0,0.0,0.0,0.0,0.0,0.0,0.06,0.07,0.13,0.06,0.13
Jacob Ramsey,"FW,MF",Aston Villa,2001.0,16.0,8.0,853.0,9.5,1.0,1.0,2.0,1.0,0.0,0.0,2.0,0.0,2.2,2.2,1.0,3.2,33.0,28.0,69.0,0.11,0.11,0.21,0.11,0.21,0.23,0.11,0.34,0.23,0.34
Marcus Rashford,FW,Manchester Utd,1997.0,33.0,26.0,2271.0,25.2,7.0,2.0,9.0,5.0,2.0,2.0,2.0,0.0,7.3,5.8,2.3,8.1,95.0,65.0,184.0,0.28,0.08,0.36,0.2,0.28,0.29,0.09,0.38,0.23,0.32
David Raya,GK,Arsenal,1995.0,32.0,32.0,2880.0,32.0,0.0,0.0,0.0,0.0,0.0,0.0,2.0,0.0,0.0,0.0,0.0,0.0,0.0,2.0,0.0,0.0,0.0,0.0,0.0,0.0,0.0,0.0,0.0,0.0,0.0
Tim Ream,DF,Fulham,1987.0,18.0,17.0,1503.0,16.7,1.0,0.0,1.0,1.0,0.0,0.0,4.0,1.0,1.0,1.0,0.0,1.0,11.0,65.0,3.0,0.06,0.0,0.06,0.06,0.06,0.06,0.0,0.06,0.06,0.06
Nathan Redmond,"FW,MF",Burnley,1994.0,12.0,0.0,142.0,1.6,0.0,0.0,0.0,0.0,0.0,0.0,1.0,0.0,0.0,0.0,0.3,0.3,7.0,8.0,22.0,0.0,0.0,0.0,0.0,0.0,0.0,0.19,0.19,0.0,0.19
Harrison Reed,MF,Fulham,1995.0,27.0,15.0,1325.0,14.7,0.0,2.0,2.0,0.0,0.0,0.0,6.0,0.0,0.3,0.3,1.1,1.4,10.0,56.0,40.0,0.0,0.14,0.14,0.0,0.14,0.02,0.07,0.09,0.02,0.09
Sergio Reguilón,DF,Manchester Utd,1996.0,9.0,4.0,412.0,4.6,0.0,0.0,0.0,0.0,0.0,0.0,3.0,0.0,0.2,0.2,0.7,0.9,11.0,27.0,38.0,0.0,0.0,0.0,0.0,0.0,0.04,0.16,0.2,0.04,0.2
Sergio Reguilón,DF,Brentford,1996.0,16.0,14.0,1118.0,12.4,0.0,4.0,4.0,0.0,0.0,0.0,4.0,1.0,0.8,0.8,2.8,3.6,34.0,38.0,40.0,0.0,0.32,0.32,0.0,0.32,0.06,0.23,0.29,0.06,0.29
Bobby Reid,FW,Fulham,1993.0,33.0,17.0,1423.0,15.8,6.0,2.0,8.0,6.0,0.0,0.0,4.0,0.0,4.6,4.6,1.8,6.4,35.0,47.0,95.0,0.38,0.13,0.51,0.38,0.51,0.28,0.11,0.4,0.28,0.4
Gio Reyna,"FW,MF",Nott'ham Forest,2002.0,9.0,2.0,235.0,2.6,0.0,1.0,1.0,0.0,0.0,0.0,0.0,0.0,0.3,0.3,0.5,0.8,3.0,12.0,14.0,0.0,0.38,0.38,0.0,0.38,0.11,0.18,0.29,0.11,0.29
Rodrigo Ribeiro,"MF,FW",Nott'ham Forest,2005.0,4.0,0.0,17.0,0.2,0.0,0.0,0.0,0.0,0.0,0.0,0.0,0.0,0.0,0.0,0.0,0.0,2.0,2.0,1.0,0.0,0.0,0.0,0.0,0.0,0.0,0.0,0.0,0.0,0.0
Player,Pos,Squad,,,,,,,,,,,,,,,,,,,,,,,,,,,,,,
Declan Rice,MF,Arsenal,1999.0,38.0,37.0,3225.0,35.8,7.0,8.0,15.0,7.0,0.0,0.0,5.0,0.0,3.3,3.3,5.3,8.6,75.0,278.0,64.0,0.2,0.22,0.42,0.2,0.42,0.09,0.15,0.24,0.09,0.24
Chris Richards,"DF,MF",Crystal Palace,2000.0,26.0,23.0,2094.0,23.3,1.0,1.0,2.0,1.0,0.0,0.0,3.0,0.0,0.6,0.6,0.4,1.0,1.0,43.0,1.0,0.04,0.04,0.09,0.04,0.09,0.03,0.02,0.04,0.03,0.04
Richarlison,FW,Tottenham,1997.0,28.0,18.0,1491.0,16.6,11.0,4.0,15.0,11.0,0.0,0.0,3.0,0.0,9.6,9.6,2.1,11.7,26.0,38.0,106.0,0.66,0.24,0.91,0.66,0.91,0.58,0.13,0.7,0.58,0.7
Jaïro Riedewald,"MF,FW",Crystal Palace,1996.0,9.0,2.0,235.0,2.6,0.0,0.0,0.0,0.0,0.0,0.0,0.0,0.0,0.0,0.0,0.0,0.0,3.0,10.0,3.0,0.0,0.0,0.0,0.0,0.0,0.01,0.0,0.01,0.01,0.01
Matt Ritchie,"FW,MF",Newcastle Utd,1989.0,13.0,0.0,128.0,1.4,1.0,0.0,1.0,1.0,0.0,0.0,1.0,0.0,1.0,1.0,0.0,1.0,5.0,8.0,13.0,0.7,0.0,0.7,0.7,0.7,0.68,0.0,0.68,0.68,0.68
Connor Roberts,DF,Burnley,1995.0,14.0,8.0,823.0,9.1,0.0,1.0,1.0,0.0,0.0,0.0,5.0,1.0,0.0,0.0,0.2,0.2,6.0,38.0,13.0,0.0,0.11,0.11,0.0,0.11,0.0,0.02,0.02,0.0,0.02
Andrew Robertson,DF,Liverpool,1994.0,23.0,18.0,1693.0,18.8,3.0,2.0,5.0,3.0,0.0,0.0,2.0,0.0,1.9,1.9,5.4,7.3,63.0,140.0,130.0,0.16,0.11,0.27,0.16,0.27,0.1,0.29,0.39,0.1,0.39
Antonee Robinson,DF,Fulham,1997.0,37.0,37.0,3265.0,36.3,0.0,6.0,6.0,0.0,0.0,0.0,6.0,0.0,0.7,0.7,4.2,4.8,99.0,129.0,194.0,0.0,0.17,0.17,0.0,0.17,0.02,0.11,0.13,0.02,0.13
Jack Robinson,DF,Sheffield Utd,1993.0,34.0,31.0,2885.0,32.1,1.0,1.0,2.0,1.0,0.0,0.0,10.0,0.0,1.2,1.2,1.2,2.4,8.0,63.0,14.0,0.03,0.03,0.06,0.03,0.06,0.04,0.04,0.08,0.04,0.08
Rodri,MF,Manchester City,1996.0,34.0,34.0,2931.0,32.6,8.0,9.0,17.0,8.0,0.0,0.0,8.0,1.0,4.1,4.1,3.9,8.0,76.0,376.0,55.0,0.25,0.28,0.52,0.25,0.52,0.12,0.12,0.24,0.12,0.24
Jay Rodriguez,FW,Burnley,1989.0,21.0,7.0,822.0,9.1,2.0,1.0,3.0,1.0,1.0,1.0,0.0,0.0,3.5,2.7,0.2,2.9,2.0,17.0,28.0,0.22,0.11,0.33,0.11,0.22,0.38,0.02,0.4,0.3,0.32
Mads Roerslev,DF,Brentford,1999.0,34.0,22.0,1985.0,22.1,1.0,2.0,3.0,1.0,0.0,0.0,1.0,0.0,0.9,0.9,1.8,2.7,18.0,43.0,90.0,0.05,0.09,0.14,0.05,0.14,0.04,0.08,0.12,0.04,0.12
Morgan Rogers,"MF,FW",Aston Villa,2002.0,11.0,8.0,638.0,7.1,3.0,1.0,4.0,3.0,0.0,0.0,3.0,0.0,1.4,1.4,0.6,2.0,22.0,28.0,30.0,0.42,0.14,0.56,0.42,0.56,0.19,0.09,0.28,0.19,0.28
Cristian Romero,DF,Tottenham,1998.0,33.0,33.0,2790.0,31.0,5.0,0.0,5.0,5.0,0.0,0.0,7.0,1.0,3.5,3.5,0.4,3.9,32.0,179.0,8.0,0.16,0.0,0.16,0.16,0.16,0.11,0.01,0.13,0.11,0.13
Joe Rothwell,MF,Bournemouth,1995.0,11.0,3.0,386.0,4.3,0.0,0.0,0.0,0.0,0.0,0.0,0.0,0.0,0.1,0.1,0.2,0.3,6.0,20.0,3.0,0.0,0.0,0.0,0.0,0.0,0.02,0.06,0.08,0.02,0.08
Pelly Ruddock Mpanzu,MF,Luton Town,1993.0,27.0,11.0,1101.0,12.2,0.0,0.0,0.0,0.0,0.0,0.0,1.0,0.0,0.6,0.6,0.4,1.1,10.0,34.0,15.0,0.0,0.0,0.0,0.0,0.0,0.05,0.04,0.09,0.05,0.09
José Sá,GK,Wolves,1993.0,35.0,35.0,3037.0,33.7,0.0,1.0,1.0,0.0,0.0,0.0,1.0,0.0,0.0,0.0,0.0,0.0,0.0,1.0,0.0,0.0,0.03,0.03,0.0,0.03,0.0,0.0,0.0,0.0,0.0
Dominic Sadi,FW,Bournemouth,2003.0,1.0,0.0,1.0,0.0,0.0,0.0,0.0,0.0,0.0,0.0,0.0,0.0,0.0,0.0,0.0,0.0,0.0,0.0,0.0,0.0,0.0,0.0,0.0,0.0,0.0,0.0,0.0,0.0,0.0
Bukayo Saka,FW,Arsenal,2001.0,35.0,35.0,2919.0,32.4,16.0,9.0,25.0,10.0,6.0,6.0,4.0,0.0,15.5,10.8,10.5,21.2,155.0,126.0,508.0,0.49,0.28,0.77,0.31,0.59,0.48,0.32,0.8,0.33,0.65
Mohamed Salah,FW,Liverpool,1992.0,32.0,28.0,2534.0,28.2,18.0,10.0,28.0,13.0,5.0,7.0,2.0,0.0,21.2,15.5,11.8,27.3,98.0,147.0,341.0,0.64,0.36,0.99,0.46,0.82,0.75,0.42,1.17,0.55,0.97
William Saliba,DF,Arsenal,2001.0,38.0,38.0,3420.0,38.0,2.0,1.0,3.0,2.0,0.0,0.0,4.0,0.0,1.6,1.6,0.2,1.8,16.0,157.0,6.0,0.05,0.03,0.08,0.05,0.08,0.04,0.01,0.05,0.04,0.05
Albert Sambi Lokonga,MF,Luton Town,1999.0,17.0,16.0,1303.0,14.5,1.0,3.0,4.0,1.0,0.0,0.0,4.0,0.0,0.6,0.6,1.4,2.0,29.0,72.0,13.0,0.07,0.21,0.28,0.07,0.28,0.04,0.1,0.14,0.04,0.14
Davinson Sánchez,DF,Tottenham,1996.0,1.0,0.0,77.0,0.9,0.0,0.0,0.0,0.0,0.0,0.0,1.0,0.0,0.1,0.1,0.0,0.1,0.0,2.0,0.0,0.0,0.0,0.0,0.0,0.0,0.14,0.0,0.14,0.14,0.14
Robert Sánchez,GK,Chelsea,1997.0,16.0,16.0,1433.0,15.9,0.0,0.0,0.0,0.0,0.0,0.0,2.0,0.0,0.0,0.0,0.0,0.0,0.0,1.0,0.0,0.0,0.0,0.0,0.0,0.0,0.0,0.0,0.0,0.0,0.0
Jadon Sancho,"FW,MF",Manchester Utd,2000.0,3.0,0.0,79.0,0.9,0.0,0.0,0.0,0.0,0.0,0.0,0.0,0.0,0.0,0.0,0.1,0.1,10.0,4.0,5.0,0.0,0.0,0.0,0.0,0.0,0.0,0.06,0.06,0.0,0.06
Player,Pos,Squad,,,,,,,,,,,,,,,,,,,,,,,,,,,,,,
Ibrahim Sangaré,MF,Nott'ham Forest,1997.0,17.0,13.0,1035.0,11.5,0.0,0.0,0.0,0.0,0.0,0.0,6.0,0.0,0.6,0.6,0.4,1.0,5.0,44.0,7.0,0.0,0.0,0.0,0.0,0.0,0.06,0.03,0.09,0.06,0.09
Andrey Santos,MF,Nott'ham Forest,2004.0,1.0,0.0,8.0,0.1,0.0,0.0,0.0,0.0,0.0,0.0,0.0,0.0,0.1,0.1,0.0,0.1,0.0,0.0,0.0,0.0,0.0,0.0,0.0,0.0,0.64,0.0,0.64,0.64,0.64
Pablo Sarabia,"MF,FW",Wolves,1992.0,30.0,20.0,1745.0,19.4,4.0,7.0,11.0,2.0,2.0,2.0,5.0,0.0,5.5,3.9,5.9,9.8,41.0,109.0,137.0,0.21,0.36,0.57,0.1,0.46,0.28,0.3,0.59,0.2,0.5
Dane Scarlett,FW,Tottenham,2004.0,4.0,0.0,22.0,0.2,0.0,0.0,0.0,0.0,0.0,0.0,0.0,0.0,0.0,0.0,0.0,0.0,0.0,1.0,4.0,0.0,0.0,0.0,0.0,0.0,0.0,0.0,0.0,0.0,0.0
Kevin Schade,"FW,MF",Brentford,2001.0,11.0,3.0,333.0,3.7,2.0,1.0,3.0,2.0,0.0,0.0,0.0,0.0,1.2,1.2,0.7,1.9,8.0,9.0,23.0,0.54,0.27,0.81,0.54,0.81,0.32,0.19,0.52,0.32,0.52
Fabian Schär,DF,Newcastle Utd,1991.0,36.0,35.0,3054.0,33.9,4.0,1.0,5.0,4.0,0.0,0.0,5.0,0.0,2.5,2.5,0.7,3.3,28.0,133.0,20.0,0.12,0.03,0.15,0.12,0.15,0.07,0.02,0.1,0.07,0.1
Jeffrey Schlupp,"FW,MF",Crystal Palace,1992.0,29.0,17.0,1352.0,15.0,2.0,2.0,4.0,2.0,0.0,0.0,1.0,0.0,1.8,1.8,2.3,4.1,20.0,33.0,52.0,0.13,0.13,0.27,0.13,0.27,0.12,0.15,0.27,0.12,0.27
Alex Scott,MF,Bournemouth,2003.0,23.0,11.0,1014.0,11.3,1.0,1.0,2.0,1.0,0.0,0.0,3.0,0.0,0.7,0.7,1.7,2.4,24.0,50.0,35.0,0.09,0.09,0.18,0.09,0.18,0.06,0.15,0.22,0.06,0.22
Matz Sels,GK,Nott'ham Forest,1992.0,16.0,16.0,1440.0,16.0,0.0,0.0,0.0,0.0,0.0,0.0,1.0,0.0,0.0,0.0,0.1,0.1,0.0,0.0,0.0,0.0,0.0,0.0,0.0,0.0,0.0,0.0,0.0,0.0,0.0
Nélson Semedo,"DF,MF",Wolves,1993.0,36.0,36.0,3084.0,34.3,0.0,1.0,1.0,0.0,0.0,0.0,10.0,1.0,1.3,1.3,1.7,3.0,103.0,138.0,150.0,0.0,0.03,0.03,0.0,0.03,0.04,0.05,0.09,0.04,0.09
Antoine Semenyo,FW,Bournemouth,2000.0,33.0,25.0,2105.0,23.4,8.0,2.0,10.0,8.0,0.0,0.0,6.0,0.0,4.6,4.6,3.2,7.8,89.0,64.0,188.0,0.34,0.09,0.43,0.34,0.43,0.2,0.14,0.34,0.2,0.34
Marcos Senesi,DF,Bournemouth,1997.0,31.0,26.0,2242.0,24.9,4.0,5.0,9.0,4.0,0.0,0.0,13.0,0.0,2.0,2.0,1.7,3.7,31.0,127.0,4.0,0.16,0.2,0.36,0.16,0.36,0.08,0.07,0.15,0.08,0.15
Luke Shaw,DF,Manchester Utd,1995.0,12.0,12.0,959.0,10.7,0.0,0.0,0.0,0.0,0.0,0.0,6.0,0.0,0.0,0.0,1.0,1.0,10.0,45.0,30.0,0.0,0.0,0.0,0.0,0.0,0.0,0.09,0.1,0.0,0.1
James Shea,GK,Luton Town,1991.0,1.0,0.0,15.0,0.2,0.0,0.0,0.0,0.0,0.0,0.0,0.0,0.0,0.0,0.0,0.0,0.0,0.0,0.0,0.0,0.0,0.0,0.0,0.0,0.0,0.0,0.0,0.0,0.0,0.0
Bernardo Silva,"MF,FW",Manchester City,1994.0,33.0,29.0,2578.0,28.6,6.0,9.0,15.0,6.0,0.0,0.0,8.0,0.0,3.7,3.7,7.6,11.3,140.0,177.0,260.0,0.21,0.31,0.52,0.21,0.52,0.13,0.27,0.4,0.13,0.4
Fábio Silva,FW,Wolves,2002.0,8.0,3.0,264.0,2.9,0.0,0.0,0.0,0.0,0.0,0.0,2.0,0.0,1.0,1.0,0.2,1.2,5.0,10.0,13.0,0.0,0.0,0.0,0.0,0.0,0.35,0.07,0.42,0.35,0.42
Thiago Silva,DF,Chelsea,1984.0,31.0,28.0,2527.0,28.1,3.0,1.0,4.0,3.0,0.0,0.0,4.0,0.0,0.8,0.8,1.0,1.8,2.0,102.0,5.0,0.11,0.04,0.14,0.11,0.14,0.03,0.04,0.06,0.03,0.06
Luis Sinisterra,"FW,MF",Bournemouth,1999.0,20.0,7.0,699.0,7.8,2.0,2.0,4.0,2.0,0.0,0.0,0.0,0.0,2.5,2.5,2.4,5.0,51.0,38.0,85.0,0.26,0.26,0.52,0.26,0.52,0.33,0.31,0.64,0.33,0.64
Oliver Skipp,"MF,DF",Tottenham,2000.0,21.0,5.0,707.0,7.9,0.0,0.0,0.0,0.0,0.0,0.0,3.0,0.0,0.7,0.7,0.6,1.3,8.0,37.0,25.0,0.0,0.0,0.0,0.0,0.0,0.09,0.07,0.16,0.09,0.16
Adam Smith,DF,Bournemouth,1991.0,28.0,25.0,2150.0,23.9,0.0,2.0,2.0,0.0,0.0,0.0,6.0,0.0,0.1,0.1,1.3,1.4,24.0,89.0,28.0,0.0,0.08,0.08,0.0,0.08,0.0,0.05,0.06,0.0,0.06
Emile Smith Rowe,MF,Arsenal,2000.0,13.0,3.0,353.0,3.9,0.0,1.0,1.0,0.0,0.0,0.0,0.0,0.0,2.0,2.0,0.2,2.2,11.0,23.0,18.0,0.0,0.25,0.25,0.0,0.25,0.5,0.06,0.56,0.5,0.56
Cédric Soares,DF,Arsenal,1991.0,3.0,0.0,62.0,0.7,0.0,0.0,0.0,0.0,0.0,0.0,0.0,0.0,0.0,0.0,0.0,0.0,0.0,3.0,6.0,0.0,0.0,0.0,0.0,0.0,0.0,0.0,0.0,0.0,0.0
Dominic Solanke,FW,Bournemouth,1997.0,38.0,37.0,3325.0,36.9,19.0,3.0,22.0,17.0,2.0,3.0,3.0,0.0,19.6,17.2,3.0,20.3,52.0,60.0,184.0,0.51,0.08,0.6,0.46,0.54,0.53,0.08,0.61,0.47,0.55
Manor Solomon,FW,Tottenham,1999.0,5.0,2.0,199.0,2.2,0.0,2.0,2.0,0.0,0.0,0.0,1.0,0.0,0.4,0.4,0.8,1.2,17.0,11.0,44.0,0.0,0.9,0.9,0.0,0.9,0.19,0.38,0.56,0.19,0.56
Tomáš Souček,MF,West Ham,1995.0,37.0,34.0,2870.0,31.9,7.0,2.0,9.0,7.0,0.0,0.0,7.0,0.0,6.7,6.7,1.7,8.4,7.0,86.0,39.0,0.22,0.06,0.28,0.22,0.28,0.21,0.05,0.26,0.21,0.26
Player,Pos,Squad,,,,,,,,,,,,,,,,,,,,,,,,,,,,,,
Vinicius Souza,MF,Sheffield Utd,1999.0,36.0,29.0,2668.0,29.6,1.0,0.0,1.0,1.0,0.0,0.0,3.0,0.0,0.6,0.6,0.2,0.8,7.0,66.0,21.0,0.03,0.0,0.03,0.03,0.03,0.02,0.01,0.03,0.02,0.03
Jason Steele,GK,Brighton,1990.0,17.0,17.0,1530.0,17.0,0.0,0.0,0.0,0.0,0.0,0.0,0.0,0.0,0.0,0.0,0.0,0.0,0.0,0.0,0.0,0.0,0.0,0.0,0.0,0.0,0.0,0.0,0.0,0.0,0.0
Raheem Sterling,"FW,MF",Chelsea,1994.0,31.0,22.0,1978.0,22.0,8.0,4.0,12.0,8.0,0.0,0.0,7.0,0.0,6.5,6.5,4.5,11.0,120.0,78.0,242.0,0.36,0.18,0.55,0.36,0.55,0.29,0.2,0.5,0.29,0.5
John Stones,"DF,MF",Manchester City,1994.0,16.0,12.0,1064.0,11.8,1.0,0.0,1.0,1.0,0.0,0.0,2.0,0.0,1.0,1.0,0.2,1.3,16.0,57.0,24.0,0.08,0.0,0.08,0.08,0.08,0.09,0.02,0.11,0.09,0.11
Thomas Strakosha,GK,Brentford,1995.0,2.0,1.0,135.0,1.5,0.0,0.0,0.0,0.0,0.0,0.0,0.0,0.0,0.0,0.0,0.0,0.0,0.0,0.0,0.0,0.0,0.0,0.0,0.0,0.0,0.0,0.0,0.0,0.0,0.0
Dominik Szoboszlai,MF,Liverpool,2000.0,33.0,25.0,2104.0,23.4,3.0,2.0,5.0,3.0,0.0,0.0,1.0,0.0,3.7,3.7,5.8,9.5,75.0,152.0,160.0,0.13,0.09,0.21,0.13,0.21,0.16,0.25,0.4,0.16,0.4
Matt Targett,DF,Newcastle Utd,1995.0,3.0,1.0,78.0,0.9,0.0,0.0,0.0,0.0,0.0,0.0,1.0,0.0,0.0,0.0,0.0,0.0,1.0,2.0,0.0,0.0,0.0,0.0,0.0,0.0,0.0,0.03,0.03,0.0,0.03
James Tarkowski,DF,Everton,1992.0,38.0,38.0,3419.0,38.0,1.0,1.0,2.0,1.0,0.0,0.0,11.0,0.0,2.6,2.6,2.5,5.1,15.0,130.0,20.0,0.03,0.03,0.05,0.03,0.05,0.07,0.06,0.13,0.07,0.13
Jimi Tauriainen,FW,Chelsea,2004.0,1.0,0.0,1.0,0.0,0.0,0.0,0.0,0.0,0.0,0.0,0.0,0.0,0.0,0.0,0.0,0.0,0.0,0.0,0.0,0.0,0.0,0.0,0.0,0.0,0.0,0.0,0.0,0.0,0.0
Nuno Tavares,DF,Nott'ham Forest,2000.0,8.0,5.0,457.0,5.1,0.0,0.0,0.0,0.0,0.0,0.0,2.0,0.0,0.2,0.2,0.5,0.7,14.0,24.0,12.0,0.0,0.0,0.0,0.0,0.0,0.03,0.1,0.13,0.03,0.13
Marcus Tavernier,FW,Bournemouth,1999.0,30.0,25.0,2118.0,23.5,3.0,4.0,7.0,3.0,0.0,0.0,3.0,0.0,3.9,3.9,5.2,9.1,79.0,84.0,171.0,0.13,0.17,0.3,0.13,0.3,0.17,0.22,0.39,0.17,0.39
Charlie Taylor,DF,Burnley,1993.0,28.0,25.0,2331.0,25.9,1.0,1.0,2.0,1.0,0.0,0.0,8.0,0.0,0.2,0.2,1.2,1.5,36.0,82.0,81.0,0.04,0.04,0.08,0.04,0.08,0.01,0.05,0.06,0.01,0.06
Kenny Tete,DF,Fulham,1995.0,14.0,10.0,867.0,9.6,1.0,0.0,1.0,1.0,0.0,0.0,2.0,0.0,0.9,0.9,0.4,1.2,20.0,54.0,38.0,0.1,0.0,0.1,0.1,0.1,0.09,0.04,0.13,0.09,0.13
Luke Thomas,DF,Sheffield Utd,2001.0,12.0,11.0,917.0,10.2,0.0,0.0,0.0,0.0,0.0,0.0,3.0,0.0,0.5,0.5,0.1,0.6,8.0,33.0,22.0,0.0,0.0,0.0,0.0,0.0,0.05,0.0,0.06,0.05,0.06
Youri Tielemans,"MF,FW",Aston Villa,1997.0,32.0,17.0,1622.0,18.0,2.0,6.0,8.0,2.0,0.0,0.0,3.0,0.0,1.3,1.3,2.6,3.9,23.0,128.0,46.0,0.11,0.33,0.44,0.11,0.44,0.07,0.14,0.21,0.07,0.21
Jurriën Timber,DF,Arsenal,2001.0,2.0,1.0,71.0,0.8,0.0,0.0,0.0,0.0,0.0,0.0,2.0,0.0,0.0,0.0,0.0,0.0,0.0,8.0,5.0,0.0,0.0,0.0,0.0,0.0,0.0,0.0,0.0,0.0,0.0
Harry Toffolo,DF,Nott'ham Forest,1995.0,23.0,15.0,1459.0,16.2,1.0,3.0,4.0,1.0,0.0,0.0,3.0,0.0,1.6,1.6,1.5,3.2,10.0,42.0,34.0,0.06,0.19,0.25,0.06,0.25,0.1,0.1,0.2,0.1,0.2
Takehiro Tomiyasu,DF,Arsenal,1998.0,22.0,10.0,1149.0,12.8,2.0,1.0,3.0,2.0,0.0,0.0,2.0,1.0,1.5,1.5,0.4,1.9,17.0,72.0,37.0,0.16,0.08,0.23,0.16,0.23,0.12,0.03,0.15,0.12,0.15
James Tomkins,DF,Crystal Palace,1989.0,4.0,0.0,10.0,0.1,0.0,0.0,0.0,0.0,0.0,0.0,0.0,0.0,0.0,0.0,0.0,0.0,0.0,1.0,0.0,0.0,0.0,0.0,0.0,0.0,0.0,0.0,0.0,0.0,0.0
Sandro Tonali,MF,Newcastle Utd,2000.0,8.0,5.0,438.0,4.9,1.0,0.0,1.0,1.0,0.0,0.0,2.0,0.0,0.7,0.7,0.6,1.3,11.0,19.0,21.0,0.21,0.0,0.21,0.21,0.21,0.13,0.13,0.26,0.13,0.26
Ivan Toney,FW,Brentford,1996.0,17.0,16.0,1450.0,16.1,4.0,2.0,6.0,4.0,0.0,0.0,5.0,0.0,6.0,6.0,1.5,7.4,23.0,40.0,98.0,0.25,0.12,0.37,0.25,0.37,0.37,0.09,0.46,0.37,0.46
Pau Torres,DF,Aston Villa,1997.0,29.0,27.0,2464.0,27.4,2.0,0.0,2.0,2.0,0.0,0.0,1.0,0.0,1.0,1.0,0.4,1.4,42.0,128.0,16.0,0.07,0.0,0.07,0.07,0.07,0.04,0.02,0.05,0.04,0.05
Andros Townsend,"MF,FW",Luton Town,1991.0,27.0,14.0,1210.0,13.4,1.0,3.0,4.0,1.0,0.0,0.0,1.0,0.0,1.2,1.2,1.3,2.5,47.0,35.0,71.0,0.07,0.22,0.3,0.07,0.3,0.09,0.1,0.19,0.09,0.19
James Trafford,GK,Burnley,2002.0,28.0,28.0,2520.0,28.0,0.0,0.0,0.0,0.0,0.0,0.0,2.0,0.0,0.0,0.0,0.0,0.0,0.0,6.0,0.0,0.0,0.0,0.0,0.0,0.0,0.0,0.0,0.0,0.0,0.0
Adama Traoré,"FW,MF",Fulham,1996.0,17.0,1.0,377.0,4.2,2.0,3.0,5.0,2.0,0.0,0.0,2.0,0.0,1.5,1.5,0.7,2.2,29.0,16.0,48.0,0.48,0.72,1.19,0.48,1.19,0.36,0.17,0.53,0.36,0.53
Player,Pos,Squad,,,,,,,,,,,,,,,,,,,,,,,,,,,,,,
Bertrand Traoré,"DF,FW",Aston Villa,1995.0,2.0,0.0,11.0,0.1,0.0,0.0,0.0,0.0,0.0,0.0,0.0,0.0,0.0,0.0,0.0,0.0,0.0,0.0,0.0,0.0,0.0,0.0,0.0,0.0,0.0,0.0,0.0,0.0,0.0
Boubacar Traoré,MF,Wolves,2001.0,24.0,7.0,819.0,9.1,0.0,0.0,0.0,0.0,0.0,0.0,4.0,0.0,0.3,0.3,0.4,0.7,9.0,29.0,15.0,0.0,0.0,0.0,0.0,0.0,0.03,0.04,0.07,0.03,0.07
Mark Travers,GK,Bournemouth,1999.0,4.0,4.0,360.0,4.0,0.0,0.0,0.0,0.0,0.0,0.0,0.0,0.0,0.0,0.0,0.0,0.0,0.0,0.0,0.0,0.0,0.0,0.0,0.0,0.0,0.0,0.0,0.0,0.0,0.0
Mike Trésor,"FW,MF",Burnley,1999.0,16.0,3.0,420.0,4.7,0.0,0.0,0.0,0.0,0.0,0.0,0.0,0.0,0.5,0.5,0.4,0.9,15.0,10.0,31.0,0.0,0.0,0.0,0.0,0.0,0.1,0.08,0.18,0.1,0.18
Kieran Trippier,DF,Newcastle Utd,1990.0,28.0,26.0,2236.0,24.8,1.0,10.0,11.0,1.0,0.0,0.0,5.0,0.0,0.7,0.7,7.5,8.2,34.0,157.0,128.0,0.04,0.4,0.44,0.04,0.44,0.03,0.3,0.33,0.03,0.33
Leandro Trossard,"FW,MF",Arsenal,1994.0,34.0,18.0,1649.0,18.3,12.0,1.0,13.0,12.0,0.0,0.0,2.0,0.0,7.9,7.9,2.8,10.7,66.0,76.0,155.0,0.65,0.05,0.71,0.65,0.71,0.43,0.15,0.58,0.43,0.58
Auston Trusty,DF,Sheffield Utd,1998.0,32.0,28.0,2572.0,28.6,0.0,0.0,0.0,0.0,0.0,0.0,4.0,0.0,0.4,0.4,1.1,1.5,10.0,40.0,15.0,0.0,0.0,0.0,0.0,0.0,0.01,0.04,0.05,0.01,0.05
Kostas Tsimikas,DF,Liverpool,1996.0,13.0,8.0,679.0,7.5,0.0,3.0,3.0,0.0,0.0,0.0,0.0,0.0,0.1,0.1,1.0,1.1,24.0,31.0,73.0,0.0,0.4,0.4,0.0,0.4,0.01,0.14,0.15,0.01,0.15
Matt Turner,GK,Nott'ham Forest,1994.0,17.0,17.0,1530.0,17.0,0.0,0.0,0.0,0.0,0.0,0.0,2.0,0.0,0.0,0.0,0.0,0.0,0.0,0.0,0.0,0.0,0.0,0.0,0.0,0.0,0.0,0.0,0.0,0.0,0.0
Destiny Udogie,DF,Tottenham,2002.0,28.0,28.0,2391.0,26.6,2.0,3.0,5.0,2.0,0.0,0.0,7.0,1.0,2.4,2.4,2.2,4.6,83.0,155.0,138.0,0.08,0.11,0.19,0.08,0.19,0.09,0.08,0.17,0.09,0.17
Lesley Ugochukwu,MF,Chelsea,2004.0,12.0,3.0,301.0,3.3,0.0,0.0,0.0,0.0,0.0,0.0,2.0,0.0,0.0,0.0,0.1,0.1,8.0,17.0,3.0,0.0,0.0,0.0,0.0,0.0,0.0,0.03,0.03,0.0,0.03
Enes Ünal,"FW,MF",Bournemouth,1997.0,16.0,2.0,328.0,3.6,2.0,2.0,4.0,2.0,0.0,0.0,1.0,0.0,2.9,2.9,1.0,3.9,4.0,7.0,28.0,0.55,0.55,1.1,0.55,1.1,0.8,0.28,1.07,0.8,1.07
Virgil van Dijk,DF,Liverpool,1991.0,36.0,36.0,3177.0,35.3,2.0,2.0,4.0,2.0,0.0,0.0,3.0,1.0,2.8,2.8,1.6,4.4,32.0,200.0,7.0,0.06,0.06,0.11,0.06,0.11,0.08,0.04,0.12,0.08,0.12
Raphaël Varane,DF,Manchester Utd,1993.0,22.0,16.0,1375.0,15.3,1.0,0.0,1.0,1.0,0.0,0.0,2.0,0.0,1.3,1.3,0.1,1.3,16.0,59.0,2.0,0.07,0.0,0.07,0.07,0.07,0.08,0.0,0.09,0.08,0.09
Alejo Véliz,FW,Tottenham,2003.0,8.0,0.0,50.0,0.6,1.0,0.0,1.0,1.0,0.0,0.0,1.0,0.0,0.2,0.2,0.0,0.2,0.0,1.0,3.0,1.8,0.0,1.8,1.8,1.8,0.45,0.0,0.45,0.45,0.45
Joël Veltman,DF,Brighton,1992.0,27.0,17.0,1588.0,17.6,1.0,1.0,2.0,1.0,0.0,0.0,4.0,0.0,0.4,0.4,0.5,0.9,24.0,85.0,54.0,0.06,0.06,0.11,0.06,0.11,0.02,0.03,0.05,0.02,0.05
Micky van de Ven,DF,Tottenham,2001.0,27.0,27.0,2339.0,26.0,3.0,0.0,3.0,3.0,0.0,0.0,5.0,0.0,0.6,0.6,0.0,0.6,19.0,108.0,9.0,0.12,0.0,0.12,0.12,0.12,0.02,0.0,0.02,0.02,0.02
Bart Verbruggen,GK,Brighton,2002.0,21.0,21.0,1890.0,21.0,0.0,0.0,0.0,0.0,0.0,0.0,3.0,0.0,0.0,0.0,0.0,0.0,0.0,3.0,0.0,0.0,0.0,0.0,0.0,0.0,0.0,0.0,0.0,0.0,0.0
Guglielmo Vicario,GK,Tottenham,1996.0,38.0,38.0,3420.0,38.0,0.0,0.0,0.0,0.0,0.0,0.0,2.0,0.0,0.0,0.0,0.0,0.0,0.0,3.0,0.0,0.0,0.0,0.0,0.0,0.0,0.0,0.0,0.0,0.0,0.0
Fabio Vieira,"MF,FW",Arsenal,2000.0,11.0,2.0,297.0,3.3,1.0,2.0,3.0,0.0,1.0,1.0,0.0,1.0,1.3,0.5,1.6,2.1,12.0,15.0,30.0,0.3,0.61,0.91,0.0,0.61,0.38,0.49,0.87,0.14,0.64
Carlos Vinícius,FW,Fulham,1995.0,13.0,2.0,315.0,3.5,2.0,0.0,2.0,2.0,0.0,0.0,2.0,0.0,1.6,1.6,0.8,2.4,3.0,3.0,13.0,0.57,0.0,0.57,0.57,0.57,0.46,0.23,0.69,0.46,0.69
Vitinho,"DF,MF",Burnley,1999.0,32.0,26.0,2314.0,25.7,0.0,2.0,2.0,0.0,0.0,0.0,1.0,0.0,1.6,1.6,1.3,2.9,59.0,66.0,110.0,0.0,0.08,0.08,0.0,0.08,0.06,0.05,0.11,0.06,0.11
Odisseas Vlachodimos,GK,Nott'ham Forest,1994.0,5.0,5.0,450.0,5.0,0.0,0.0,0.0,0.0,0.0,0.0,0.0,0.0,0.0,0.0,0.0,0.0,0.0,1.0,0.0,0.0,0.0,0.0,0.0,0.0,0.0,0.01,0.01,0.0,0.01
Kyle Walker,DF,Manchester City,1990.0,32.0,30.0,2767.0,30.7,0.0,4.0,4.0,0.0,0.0,0.0,2.0,0.0,0.4,0.4,2.6,3.0,74.0,157.0,172.0,0.0,0.13,0.13,0.0,0.13,0.01,0.09,0.1,0.01,0.1
Aaron Wan-Bissaka,DF,Manchester Utd,1997.0,22.0,20.0,1780.0,19.8,0.0,2.0,2.0,0.0,0.0,0.0,4.0,0.0,0.1,0.1,1.5,1.6,30.0,77.0,54.0,0.0,0.1,0.1,0.0,0.1,0.01,0.08,0.08,0.01,0.08
Player,Pos,Squad,,,,,,,,,,,,,,,,,,,,,,,,,,,,,,
Joel Ward,DF,Crystal Palace,1989.0,26.0,23.0,1980.0,22.0,0.0,1.0,1.0,0.0,0.0,0.0,4.0,0.0,0.9,0.9,0.2,1.1,16.0,66.0,14.0,0.0,0.05,0.05,0.0,0.05,0.04,0.01,0.05,0.04,0.05
James Ward-Prowse,MF,West Ham,1994.0,37.0,34.0,3001.0,33.3,7.0,7.0,14.0,5.0,2.0,2.0,4.0,0.0,6.0,4.4,7.8,12.3,18.0,144.0,63.0,0.21,0.21,0.42,0.15,0.36,0.18,0.23,0.41,0.13,0.37
Lewis Warrington,FW,Everton,2002.0,1.0,0.0,1.0,0.0,0.0,0.0,0.0,0.0,0.0,0.0,0.0,0.0,0.0,0.0,0.0,0.0,0.0,0.0,0.0,0.0,0.0,0.0,0.0,0.0,0.0,0.0,0.0,0.0,0.0
Deivid Washington,"DF,FW",Chelsea,2005.0,2.0,0.0,13.0,0.1,0.0,0.0,0.0,0.0,0.0,0.0,0.0,0.0,0.5,0.5,0.0,0.5,0.0,0.0,1.0,0.0,0.0,0.0,0.0,0.0,3.23,0.0,3.23,3.23,3.23
Ollie Watkins,FW,Aston Villa,1995.0,37.0,37.0,3217.0,35.7,19.0,13.0,32.0,19.0,0.0,0.0,4.0,0.0,16.8,16.8,7.3,24.2,62.0,55.0,214.0,0.53,0.36,0.9,0.53,0.9,0.47,0.21,0.68,0.47,0.68
Adam Webster,DF,Brighton,1995.0,15.0,13.0,1144.0,12.7,0.0,0.0,0.0,0.0,0.0,0.0,2.0,0.0,0.4,0.4,0.1,0.6,16.0,80.0,2.0,0.0,0.0,0.0,0.0,0.0,0.03,0.01,0.05,0.03,0.05
Danny Welbeck,"FW,MF",Brighton,1990.0,29.0,21.0,1693.0,18.8,5.0,1.0,6.0,5.0,0.0,0.0,4.0,0.0,5.3,5.3,1.7,7.0,32.0,44.0,100.0,0.27,0.05,0.32,0.27,0.32,0.28,0.09,0.37,0.28,0.37
Timo Werner,FW,Tottenham,1996.0,13.0,10.0,809.0,9.0,2.0,3.0,5.0,2.0,0.0,0.0,1.0,0.0,3.7,3.7,2.7,6.4,79.0,41.0,124.0,0.22,0.33,0.56,0.22,0.56,0.41,0.3,0.72,0.41,0.72
Adam Wharton,MF,Crystal Palace,2004.0,16.0,15.0,1297.0,14.4,0.0,3.0,3.0,0.0,0.0,0.0,2.0,0.0,0.3,0.3,2.4,2.8,14.0,79.0,10.0,0.0,0.21,0.21,0.0,0.21,0.02,0.17,0.19,0.02,0.19
Ethan Wheatley,FW,Manchester Utd,2006.0,3.0,0.0,16.0,0.2,0.0,0.0,0.0,0.0,0.0,0.0,0.0,0.0,0.0,0.0,0.0,0.0,0.0,0.0,1.0,0.0,0.0,0.0,0.0,0.0,0.0,0.0,0.0,0.0,0.0
Ben White,DF,Arsenal,1997.0,37.0,35.0,2988.0,33.2,4.0,4.0,8.0,4.0,0.0,0.0,8.0,0.0,1.2,1.2,3.8,5.0,44.0,192.0,162.0,0.12,0.12,0.24,0.12,0.24,0.03,0.11,0.15,0.03,0.15
Joe White,MF,Newcastle Utd,2002.0,4.0,0.0,13.0,0.1,0.0,0.0,0.0,0.0,0.0,0.0,1.0,0.0,0.0,0.0,0.0,0.0,2.0,3.0,3.0,0.0,0.0,0.0,0.0,0.0,0.0,0.0,0.0,0.0,0.0
Neco Williams,DF,Nott'ham Forest,2001.0,26.0,18.0,1637.0,18.2,0.0,1.0,1.0,0.0,0.0,0.0,4.0,0.0,0.8,0.8,1.6,2.5,48.0,47.0,86.0,0.0,0.05,0.05,0.0,0.05,0.04,0.09,0.13,0.04,0.13
Willian,FW,Fulham,1988.0,31.0,24.0,2053.0,22.8,4.0,2.0,6.0,2.0,2.0,2.0,1.0,0.0,5.1,3.6,3.9,7.5,92.0,153.0,181.0,0.18,0.09,0.26,0.09,0.18,0.22,0.17,0.4,0.16,0.33
Joe Willock,MF,Newcastle Utd,1999.0,9.0,5.0,419.0,4.7,1.0,0.0,1.0,1.0,0.0,0.0,0.0,0.0,0.8,0.8,0.6,1.4,16.0,17.0,26.0,0.21,0.0,0.21,0.21,0.21,0.17,0.12,0.3,0.17,0.3
Callum Wilson,FW,Newcastle Utd,1992.0,20.0,9.0,991.0,11.0,9.0,1.0,10.0,7.0,2.0,2.0,3.0,0.0,8.8,7.2,0.6,7.8,11.0,9.0,77.0,0.82,0.09,0.91,0.64,0.73,0.8,0.05,0.85,0.65,0.71
Harry Wilson,FW,Fulham,1997.0,35.0,16.0,1620.0,18.0,4.0,6.0,10.0,4.0,0.0,0.0,6.0,0.0,3.4,3.4,3.5,6.8,41.0,60.0,130.0,0.22,0.33,0.56,0.22,0.56,0.19,0.19,0.38,0.19,0.38
Yoane Wissa,FW,Brentford,1996.0,34.0,29.0,2493.0,27.7,12.0,3.0,15.0,12.0,0.0,0.0,7.0,0.0,10.6,10.6,3.9,14.5,45.0,48.0,150.0,0.43,0.11,0.54,0.43,0.54,0.38,0.14,0.52,0.38,0.52
Chris Wood,FW,Nott'ham Forest,1991.0,31.0,20.0,1812.0,20.1,14.0,1.0,15.0,14.0,0.0,0.0,0.0,0.0,11.9,11.9,2.1,14.0,16.0,30.0,76.0,0.7,0.05,0.75,0.7,0.75,0.59,0.1,0.7,0.59,0.7
Cauley Woodrow,"FW,MF",Luton Town,1994.0,24.0,2.0,427.0,4.7,1.0,1.0,2.0,1.0,0.0,0.0,2.0,0.0,1.4,1.4,1.2,2.6,7.0,6.0,22.0,0.21,0.21,0.42,0.21,0.42,0.3,0.25,0.55,0.3,0.55
Joe Worrall,DF,Nott'ham Forest,1997.0,7.0,5.0,439.0,4.9,0.0,0.0,0.0,0.0,0.0,0.0,0.0,1.0,0.1,0.1,0.2,0.3,0.0,8.0,1.0,0.0,0.0,0.0,0.0,0.0,0.02,0.04,0.06,0.02,0.06
Yehor Yarmoliuk,MF,Brentford,2004.0,27.0,6.0,688.0,7.6,0.0,0.0,0.0,0.0,0.0,0.0,2.0,0.0,1.0,1.0,0.1,1.1,13.0,35.0,36.0,0.0,0.0,0.0,0.0,0.0,0.13,0.01,0.14,0.13,0.14
Ryan Yates,MF,Nott'ham Forest,1997.0,35.0,21.0,1992.0,22.1,1.0,1.0,2.0,1.0,0.0,0.0,6.0,0.0,2.6,2.6,0.8,3.5,18.0,73.0,37.0,0.05,0.05,0.09,0.05,0.09,0.12,0.04,0.16,0.12,0.16
Ashley Young,"DF,MF",Everton,1985.0,31.0,27.0,2280.0,25.3,0.0,0.0,0.0,0.0,0.0,0.0,7.0,1.0,0.6,0.6,1.5,2.1,40.0,82.0,61.0,0.0,0.0,0.0,0.0,0.0,0.02,0.06,0.08,0.02,0.08
Illia Zabarnyi,DF,Bournemouth,2002.0,37.0,37.0,3330.0,37.0,1.0,0.0,1.0,1.0,0.0,0.0,5.0,0.0,1.1,1.1,0.4,1.5,24.0,109.0,1.0,0.03,0.0,0.03,0.03,0.03,0.03,0.01,0.04,0.03,0.04
Player,Pos,Squad,,,,,,,,,,,,,,,,,,,,,,,,,,,,,,
Nicolò Zaniolo,"FW,MF",Aston Villa,1999.0,25.0,9.0,839.0,9.3,2.0,0.0,2.0,2.0,0.0,0.0,7.0,0.0,2.6,2.6,1.0,3.6,35.0,30.0,60.0,0.21,0.0,0.21,0.21,0.21,0.28,0.11,0.39,0.28,0.39
Anass Zaroury,"FW,MF",Burnley,2000.0,6.0,1.0,152.0,1.7,0.0,0.0,0.0,0.0,0.0,0.0,0.0,1.0,0.2,0.2,0.0,0.2,2.0,2.0,12.0,0.0,0.0,0.0,0.0,0.0,0.1,0.02,0.12,0.1,0.12
Oleksandr Zinchenko,DF,Arsenal,1996.0,27.0,20.0,1722.0,19.1,1.0,2.0,3.0,1.0,0.0,0.0,2.0,0.0,0.6,0.6,2.5,3.1,40.0,229.0,58.0,0.05,0.1,0.16,0.05,0.16,0.03,0.13,0.16,0.03,0.16
Kurt Zouma,DF,West Ham,1994.0,33.0,32.0,2838.0,31.5,3.0,0.0,3.0,3.0,0.0,0.0,3.0,0.0,1.8,1.8,0.2,2.0,7.0,53.0,1.0,0.1,0.0,0.1,0.1,0.1,0.06,0.01,0.06,0.06,0.06
Martin Ødegaard,MF,Arsenal,1998.0,35.0,35.0,3091.0,34.3,8.0,10.0,18.0,6.0,2.0,2.0,2.0,0.0,7.4,5.8,9.6,15.5,91.0,344.0,202.0,0.23,0.29,0.52,0.17,0.47,0.22,0.28,0.5,0.17,0.45
